Province,Date,Tax_cents_per_litre,Sale_quant,Gasoline_Price,CPI_Gasoline,Vehicles_Reg,AvgTemp_C,Precip_mm,Crude_Oil_Price
Alberta,2017-01-01,0,413972,103.85,160.8,2985219,-8,16,52.75
Alberta,2017-02-01,0,413972,92.75,145,2992581,-7.4,15,54
Alberta,2017-03-01,0,509504,92.75,144,2999962,-2.7,25,50.54
Alberta,2017-04-01,0,541348,106.1,162.3,3007361,3.1,43,49.31
Alberta,2017-05-01,0,573192,97.8,150.9,3014778,9,77,48.29
Alberta,2017-06-01,0,605036,93.85,146.5,3022213,13.2,107,46.02
Alberta,2017-07-01,0,636880,94.4,146,3029666,16.8,66,50.21
Alberta,2017-08-01,0,636880,97.95,151.6,3037138,15.8,68,47.26
Alberta,2017-09-01,0,605036,99.5,154.4,3044629,10.6,45,51.67
Alberta,2017-10-01,0,541348,100.15,154.8,3052138,3.8,27,54.36
Alberta,2017-11-01,0,477660,112.3,173.7,3059665,-3,23,57.4
Alberta,2017-12-01,0,413972,104.75,161.9,3067211,-8.4,17,60.46
Alberta,2018-01-01,0,411911.5,109.8,169.8,3071003,-8,16,64.82
Alberta,2018-02-01,0,411911.5,107.3,166.2,3074799,-7.4,15,61.43
Alberta,2018-03-01,0,506968,113.3,175.1,3078600,-2.7,25,64.87
Alberta,2018-04-01,0,538653.5,123.85,191,3082406,3.1,43,68.56
Alberta,2018-05-01,0,570339,128.55,198.6,3086216,9,77,66.98
Alberta,2018-06-01,0,602024.5,125.75,194.6,3090032,13.2,107,74.13
Alberta,2018-07-01,0,633710,131.2,202.2,3093852,16.8,66,69.88
Alberta,2018-08-01,0,633710,127.95,197.6,3097676,15.8,68,69.84
Alberta,2018-09-01,0,602024.5,128.25,197.9,3101506,10.6,45,73.16
Alberta,2018-10-01,0,538653.5,120.6,187,3105340,3.8,27,65.31
Alberta,2018-11-01,0,475282.5,107,167.3,3109178,-3,23,50.78
Alberta,2018-12-01,0,411911.5,96.05,150.3,3113022,-8.4,17,45.15
Alberta,2019-01-01,0,404033.5,93.5,146,3117112,-8,16,53.84
Alberta,2019-02-01,0,404033.5,100.6,155.8,3121207,-7.4,15,57.21
Alberta,2019-03-01,0,497272,111.9,173.1,3125308,-2.7,25,60.19
Alberta,2019-04-01,4.42,528351.5,120.7,186.7,3129414,3.1,43,63.83
Alberta,2019-05-01,4.42,559431,119.25,184.8,3133526,9,77,53.49
Alberta,2019-06-01,4.42,590510.5,102,159.8,3137643,13.2,107,58.2
Alberta,2019-07-01,4.42,621590,106.9,166,3141765,16.8,66,58.53
Alberta,2019-08-01,4.42,621590,101.05,156.8,3145893,15.8,68,55.07
Alberta,2019-09-01,4.42,590510.5,100.7,156.2,3150026,10.6,45,54.09
Alberta,2019-10-01,4.42,528351.5,99.3,154.3,3154164,3.8,27,54.02
Alberta,2019-11-01,4.42,466192.5,96.5,150.3,3158309,-3,23,58.12
Alberta,2019-12-01,4.42,404033.5,97.6,151.6,3162458,-8.4,17,61.14
Alberta,2020-01-01,4.42,352976,100.2,155.7,3160184,-8,16,51.58
Alberta,2020-02-01,4.42,352976,97.7,151.9,3157912,-7.4,15,44.83
Alberta,2020-03-01,4.42,434432,78.1,122.9,3155641,-2.7,25,20.51
Alberta,2020-04-01,6.63,461584,64.3,101.4,3153373,3.1,43,19.23
Alberta,2020-05-01,6.63,488736,85.25,132.6,3151105,9,77,35.57
Alberta,2020-06-01,6.63,515888,93.55,145.4,3148840,13.2,107,39.27
Alberta,2020-07-01,6.63,543040,96.2,149.6,3146576,16.8,66,40.1
Alberta,2020-08-01,6.63,543040,94.85,147.9,3144313,15.8,68,42.61
Alberta,2020-09-01,6.63,515888,101.85,158.2,3142053,10.6,45,40.05
Alberta,2020-10-01,6.63,461584,98.25,153.2,3139793,3.8,27,35.64
Alberta,2020-11-01,6.63,407280,96.95,151.1,3137536,-3,23,45.2
Alberta,2020-12-01,6.63,352976,98.3,152.6,3135280,-8.4,17,48.35
Alberta,2021-01-01,6.63,357571.5,101.85,157.8,3135036,-8,16,52.16
Alberta,2021-02-01,6.63,357571.5,110.15,170.5,3134793,-7.4,15,61.55
Alberta,2021-03-01,6.63,440088,115.9,179.4,3134549,-2.7,25,59.19
Alberta,2021-04-01,8.84,467593.5,121.75,188.4,3134306,3.1,43,63.5
Alberta,2021-05-01,8.84,495099,125.35,194.1,3134062,9,77,66.31
Alberta,2021-06-01,8.84,522604.5,127.95,197.9,3133819,13.2,107,73.52
Alberta,2021-07-01,8.84,550110,134.3,207.1,3133575,16.8,66,73.93
Alberta,2021-08-01,8.84,550110,133.75,206.7,3133332,15.8,68,68.43
Alberta,2021-09-01,8.84,522604.5,131.3,203.4,3133088,10.6,45,75.22
Alberta,2021-10-01,8.84,467593.5,139.55,215.3,3132845,3.8,27,83.5
Alberta,2021-11-01,8.84,412582.5,138.95,214.8,3132601,-3,23,66.14
Alberta,2021-12-01,8.84,357571.5,135.05,209.2,3132358,-8.4,17,75.33
Alberta,2022-01-01,8.84,391612.13,136.3,210.6,3128521,-8,16,89.16
Alberta,2022-02-01,8.84,391612.13,143.8,221.8,3124689,-7.4,15,96.13
Alberta,2022-03-01,8.84,481984.16,163.2,251.6,3120862,-2.7,25,100.53
Alberta,2022-04-01,11.05,512108.17,153,236.4,3117040,3.1,43,104.59
Alberta,2022-05-01,11.05,542232.18,165.35,254.7,3113222,9,77,114.38
Alberta,2022-06-01,11.05,572356.19,187.75,289,3109408,13.2,107,107.76
Alberta,2022-07-01,11.05,602480.2,181.1,278.7,3105600,16.8,66,101.31
Alberta,2022-08-01,11.05,602480.2,150.15,231.4,3101796,15.8,68,90.09
Alberta,2022-09-01,11.05,572356.19,140.5,217.1,3097997,10.6,45,79.91
Alberta,2022-10-01,11.05,512108.17,165.25,254.2,3094202,3.8,27,86.54
Alberta,2022-11-01,11.05,451860.15,148.7,229.7,3090412,-3,23,80.48
Alberta,2022-12-01,11.05,391612.13,125.2,193.9,3086627,-8.4,17,80.16
Alberta,2023-01-01,11.05,396475.56,128,197.2,3089815,-8,16,78.95
Alberta,2023-02-01,11.05,396475.56,124.25,192.4,3093007,-7.4,15,76.88
Alberta,2023-03-01,11.05,487969.92,130.6,202.1,3096202,-2.7,25,75.68
Alberta,2023-04-01,14.31,518468.04,142.75,220.1,3099400,3.1,43,76.78
Alberta,2023-05-01,14.31,548966.16,142.05,219.2,3102601,9,77,68.11
Alberta,2023-06-01,14.31,579464.28,142,218.9,3105806,13.2,107,70.66
Alberta,2023-07-01,14.31,609962.4,139,214.7,3109014,16.8,66,81.8
Alberta,2023-08-01,14.31,609962.4,144.65,223.4,3112225,15.8,68,83.55
Alberta,2023-09-01,14.31,579464.28,142.45,220.2,3115440,10.6,45,90.77
Alberta,2023-10-01,14.31,518468.04,138.15,213.7,3118658,3.8,27,81.64
Alberta,2023-11-01,14.31,457471.8,131.5,203.8,3121879,-3,23,75.66
Alberta,2023-12-01,14.31,396475.56,121.1,187.7,3125104,-8.4,17,71.89
Alberta,2024-01-01,14.31,408958.03,123.05,190.7,3132174,-8,16,76.28
Alberta,2024-02-01,14.31,408958.03,132.2,204.8,3139260,-7.4,15,79.22
Alberta,2024-03-01,14.31,503332.96,144.4,223.2,3146362,-2.7,25,83.96
Alberta,2024-04-01,17.61,534791.27,157.1,242.8,3153481,3.1,43,83.49
Alberta,2024-05-01,17.61,566249.58,153.55,237.7,3160615,9,77,77.97
Alberta,2024-06-01,17.61,597707.89,151.55,234.3,3167765,13.2,107,81.54
Alberta,2024-07-01,17.61,629166.2,156.7,242,3174932,16.8,66,75.27
Alberta,2024-08-01,17.61,629166.2,153.95,238.5,3182115,15.8,68,73.55
Alberta,2024-09-01,17.61,597707.89,140.3,218.6,3189314,10.6,45,68.17
Alberta,2024-10-01,17.61,534791.27,143.9,223.4,3196529,3.8,27,70.62
Alberta,2024-11-01,17.61,471874.65,140.3,217.8,3203761,-3,23,68
Alberta,2024-12-01,17.61,408958.03,138.3,214.7,3211009,-8.4,17,71.72
Alberta,2025-01-01,17.61,417137.175,146.75,226.7,3215063,-8,16,72.53
Alberta,2025-02-01,17.61,417137.175,148.6,229.5,3219123,-7.4,15,70.13
Alberta,2025-03-01,17.61,513399.6,146.6,226.6,3223187,-2.7,25,69.37
Alberta,2025-04-01,0,545487.075,128.45,198.5,3227257,3.1,43,58.35
Alberta,2025-05-01,0,577574.55,130.15,201,3231332,9,77,60.79
Alberta,2025-06-01,0,609662.025,129.25,200.1,3235412,13.2,107,64.79
Alberta,2025-07-01,0,641749.5,128.2,198.8,3239497,16.8,66,70.31
Alberta,2025-08-01,0,641749.5,131.05,202.7,3243587,15.8,68,64.21
Alberta,2025-09-01,0,609662.025,131.35,202.8,3247683,10.6,45,63.17
British Columbia,2017-01-01,0,320829.21,125.95,174.6,2867963,4.3,121.3,52.75
British Columbia,2017-02-01,0,320829.21,121.25,168,2875036,5.8,81.7,54
British Columbia,2017-03-01,0,394866.72,129.85,176.6,2882126,7.3,82.3,50.54
British Columbia,2017-04-01,0,419545.89,133.8,183.1,2889234,10.6,75.1,49.31
British Columbia,2017-05-01,0,444225.06,129.85,177.8,2896360,14.4,59.8,48.29
British Columbia,2017-06-01,0,468904.23,127.3,172.7,2903503,17.3,55.2,46.02
British Columbia,2017-07-01,0,493583.4,126.8,172,2910664,19.2,41.2,50.21
British Columbia,2017-08-01,0,493583.4,132.7,180.1,2917843,19,40.8,47.26
British Columbia,2017-09-01,0,468904.23,133.35,182.8,2925039,16.3,85.5,51.67
British Columbia,2017-10-01,0,419545.89,132.1,180.1,2932253,11.4,172.3,54.36
British Columbia,2017-11-01,0,370187.55,137.7,191.8,2939484,7.9,362.3,57.4
British Columbia,2017-12-01,0,320829.21,132.6,182.5,2946734,5.7,263.1,60.46
British Columbia,2018-01-01,0,311295.725,135.65,186.5,2950588,4.3,121.3,64.82
British Columbia,2018-02-01,0,311295.725,139.7,189,2954447,5.8,81.7,61.43
British Columbia,2018-03-01,0,383133.2,147.3,198.8,2958312,7.3,82.3,64.87
British Columbia,2018-04-01,0,407079.025,151.15,206.3,2962181,10.6,75.1,68.56
British Columbia,2018-05-01,0,431024.85,156.9,215,2966055,14.4,59.8,66.98
British Columbia,2018-06-01,0,454970.675,152.2,209.5,2969935,17.3,55.2,74.13
British Columbia,2018-07-01,0,478916.5,152.85,212.4,2973819,19.2,41.2,69.88
British Columbia,2018-08-01,0,478916.5,147.4,205.1,2977709,19,40.8,69.84
British Columbia,2018-09-01,0,454970.675,147.3,205,2981603,16.3,85.5,73.16
British Columbia,2018-10-01,0,407079.025,151.75,208.7,2985503,11.4,172.3,65.31
British Columbia,2018-11-01,0,359187.375,139.85,193.3,2989408,7.9,362.3,50.78
British Columbia,2018-12-01,0,311295.725,135.5,185.6,2993318,5.7,263.1,45.15
British Columbia,2019-01-01,0,313446.38,131.05,178.3,2995606,4.3,121.3,53.84
British Columbia,2019-02-01,0,313446.38,130.55,180.6,2997896,5.8,81.7,57.21
British Columbia,2019-03-01,0,385780.16,143.6,197.2,3000188,7.3,82.3,60.19
British Columbia,2019-04-01,8.89,409891.42,162.4,219.3,3002482,10.6,75.1,63.83
British Columbia,2019-05-01,8.89,434002.68,165.15,223.3,3004777,14.4,59.8,53.49
British Columbia,2019-06-01,8.89,458113.94,147.45,204.5,3007074,17.3,55.2,58.2
British Columbia,2019-07-01,8.89,482225.2,146.85,202,3009373,19.2,41.2,58.53
British Columbia,2019-08-01,8.89,482225.2,142.15,195.4,3011673,19,40.8,55.07
British Columbia,2019-09-01,8.89,458113.94,147.75,200.5,3013976,16.3,85.5,54.09
British Columbia,2019-10-01,8.89,409891.42,154.45,206,3016280,11.4,172.3,54.02
British Columbia,2019-11-01,8.89,361668.9,139.7,190.5,3018585,7.9,362.3,58.12
British Columbia,2019-12-01,8.89,313446.38,134.45,186.7,3020893,5.7,263.1,61.14
British Columbia,2020-01-01,8.89,282423.115,139.8,192.7,3017915,4.3,121.3,51.58
British Columbia,2020-02-01,8.89,282423.115,144.55,195.9,3014939,5.8,81.7,44.83
British Columbia,2020-03-01,8.89,347597.68,123.85,167.5,3011967,7.3,82.3,20.51
British Columbia,2020-04-01,8.89,369322.535,98.05,134.6,3008998,10.6,75.1,19.23
British Columbia,2020-05-01,8.89,391047.39,110.45,154,3006031,14.4,59.8,35.57
British Columbia,2020-06-01,8.89,412772.245,125.2,172.9,3003067,17.3,55.2,39.27
British Columbia,2020-07-01,8.89,434497.1,130.6,178.8,3000107,19.2,41.2,40.1
British Columbia,2020-08-01,8.89,434497.1,128.95,177.3,2997149,19,40.8,42.61
British Columbia,2020-09-01,8.89,412772.245,125.45,173.7,2994194,16.3,85.5,40.05
British Columbia,2020-10-01,8.89,369322.535,121.95,169,2991242,11.4,172.3,35.64
British Columbia,2020-11-01,8.89,325872.825,121.75,167,2988293,7.9,362.3,45.2
British Columbia,2020-12-01,8.89,282423.115,123.2,169.2,2985347,5.7,263.1,48.35
British Columbia,2021-01-01,8.89,305440.2,131.3,180.5,2993040,4.3,121.3,52.16
British Columbia,2021-02-01,8.89,305440.2,139.4,191.9,3000753,5.8,81.7,61.55
British Columbia,2021-03-01,8.89,375926.4,148.85,204.3,3008485,7.3,82.3,59.19
British Columbia,2021-04-01,8.89,399421.8,150.25,206.7,3016238,10.6,75.1,63.5
British Columbia,2021-05-01,8.89,422917.2,154.95,212.6,3024010,14.4,59.8,66.31
British Columbia,2021-06-01,8.89,446412.6,158.15,217,3031803,17.3,55.2,73.52
British Columbia,2021-07-01,8.89,469908,168.15,230.6,3039616,19.2,41.2,73.93
British Columbia,2021-08-01,8.89,469908,164.35,227.5,3047448,19,40.8,68.43
British Columbia,2021-09-01,8.89,446412.6,156.5,217.9,3055301,16.3,85.5,75.22
British Columbia,2021-10-01,8.89,399421.8,161.65,224.5,3063175,11.4,172.3,83.5
British Columbia,2021-11-01,8.89,352431,159,221.6,3071068,7.9,362.3,66.14
British Columbia,2021-12-01,8.89,305440.2,154.9,215.4,3078982,5.7,263.1,75.33
British Columbia,2022-01-01,8.89,306654.855,167.55,231.1,3083577,4.3,121.3,89.16
British Columbia,2022-02-01,8.89,306654.855,173.6,240.2,3088178,5.8,81.7,96.13
British Columbia,2022-03-01,8.89,377421.36,197.45,275.9,3092786,7.3,82.3,100.53
British Columbia,2022-04-01,9.96,401010.195,196.3,274.6,3097402,10.6,75.1,104.59
British Columbia,2022-05-01,9.96,424599.03,218.75,301.9,3102024,14.4,59.8,114.38
British Columbia,2022-06-01,9.96,448187.865,225.3,314.4,3106653,17.3,55.2,107.76
British Columbia,2022-07-01,9.96,471776.7,202.7,288.2,3111289,19.2,41.2,101.31
British Columbia,2022-08-01,9.96,471776.7,191.1,267.7,3115931,19,40.8,90.09
British Columbia,2022-09-01,9.96,448187.865,201.1,276.7,3120581,16.3,85.5,79.91
British Columbia,2022-10-01,9.96,401010.195,209.25,289.6,3125238,11.4,172.3,86.54
British Columbia,2022-11-01,9.96,353832.525,184.6,259.3,3129901,7.9,362.3,80.48
British Columbia,2022-12-01,9.96,306654.855,162.25,228.8,3134572,5.7,263.1,80.16
British Columbia,2023-01-01,9.96,303829.24,176.35,245,3135001,4.3,121.3,78.95
British Columbia,2023-02-01,9.96,303829.24,180.95,249.5,3135430,5.8,81.7,76.88
British Columbia,2023-03-01,9.96,373943.68,181.95,252.1,3135860,7.3,82.3,75.68
British Columbia,2023-04-01,11.05,397315.16,186.9,259.5,3136289,10.6,75.1,76.78
British Columbia,2023-05-01,11.05,420686.64,186.4,257.6,3136718,14.4,59.8,68.11
British Columbia,2023-06-01,11.05,444058.12,199.65,272.4,3137148,17.3,55.2,70.66
British Columbia,2023-07-01,11.05,467429.6,196,266.5,3137577,19.2,41.2,81.8
British Columbia,2023-08-01,11.05,467429.6,202.8,276.5,3138007,19,40.8,83.55
British Columbia,2023-09-01,11.05,444058.12,202.25,274.8,3138437,16.3,85.5,90.77
British Columbia,2023-10-01,11.05,397315.16,188.05,258.1,3138866,11.4,172.3,81.64
British Columbia,2023-11-01,11.05,350572.2,179.15,247.8,3139296,7.9,362.3,75.66
British Columbia,2023-12-01,11.05,303829.24,171.55,236.4,3139726,5.7,263.1,71.89
British Columbia,2024-01-01,11.05,298992.46,164.95,227.8,3140111,4.3,121.3,76.28
British Columbia,2024-02-01,11.05,298992.46,172.7,238.7,3140495,5.8,81.7,79.22
British Columbia,2024-03-01,11.05,367990.72,193.3,263.2,3140880,7.3,82.3,83.96
British Columbia,2024-04-01,17.61,390990.14,207.9,281.3,3141265,10.6,75.1,83.49
British Columbia,2024-05-01,17.61,413989.56,201.7,273.4,3141650,14.4,59.8,77.97
British Columbia,2024-06-01,17.61,436988.98,185.6,255.9,3142035,17.3,55.2,81.54
British Columbia,2024-07-01,17.61,459988.4,181.1,253.5,3142420,19.2,41.2,75.27
British Columbia,2024-08-01,17.61,459988.4,176.9,248.7,3142805,19,40.8,73.55
British Columbia,2024-09-01,17.61,436988.98,173.25,241.2,3143190,16.3,85.5,68.17
British Columbia,2024-10-01,17.61,390990.14,172.8,240.3,3143575,11.4,172.3,70.62
British Columbia,2024-11-01,17.61,344991.3,172.95,239.8,3143960,7.9,362.3,68
British Columbia,2024-12-01,17.61,298992.46,170.75,236.5,3144345,5.7,263.1,71.72
British Columbia,2025-01-01,17.61,304972.33,178.65,247.6,3146061,4.3,121.3,72.53
British Columbia,2025-02-01,17.61,304972.33,186.85,256.7,3147778,5.8,81.7,70.13
British Columbia,2025-03-01,17.61,375350.56,181.8,250,3149496,7.3,82.3,69.37
British Columbia,2025-04-01,0,398809.97,164.15,223.8,3151215,10.6,75.1,58.35
British Columbia,2025-05-01,0,422269.38,172.75,233.8,3152935,14.4,59.8,60.79
British Columbia,2025-06-01,0,445728.79,167.25,226.5,3154656,17.3,55.2,64.79
British Columbia,2025-07-01,0,469188.2,162.05,222.8,3156377,19.2,41.2,70.31
British Columbia,2025-08-01,0,469188.2,168.9,231.2,3158100,19,40.8,64.21
British Columbia,2025-09-01,0,445728.79,172,233.1,3159824,16.3,85.5,63.17
Manitoba,2017-01-01,0,104938.925,101.9,155.3,771435,-15.7,21,52.75
Manitoba,2017-02-01,0,104938.925,96.3,146.1,773337,-14.1,18,54
Manitoba,2017-03-01,0,129155.6,94.2,145,775245,-5.6,30,50.54
Manitoba,2017-04-01,0,137227.825,101.7,155.4,777157,4.1,38,49.31
Manitoba,2017-05-01,0,145300.05,93.3,143.1,779073,11.1,83,48.29
Manitoba,2017-06-01,0,153372.275,91.5,140.2,780995,17.2,106,46.02
Manitoba,2017-07-01,0,161444.5,87.6,134.5,782921,20.4,91,50.21
Manitoba,2017-08-01,0,161444.5,90.1,138.9,784852,19.4,78,47.26
Manitoba,2017-09-01,0,153372.275,100.2,154.1,786787,14.2,72,51.67
Manitoba,2017-10-01,0,137227.825,99.7,153.3,788728,6,50,54.36
Manitoba,2017-11-01,0,121083.375,108.9,167.6,790673,-2.8,33,57.4
Manitoba,2017-12-01,0,104938.925,103.1,158.6,792623,-12.2,26,60.46
Manitoba,2018-01-01,0,105728.415,107,164.5,793441,-15.7,21,64.82
Manitoba,2018-02-01,0,105728.415,104.2,160.2,794261,-14.1,18,61.43
Manitoba,2018-03-01,0,130127.28,106.9,164.3,795081,-5.6,30,64.87
Manitoba,2018-04-01,0,138260.235,121.1,185.5,795901,4.1,38,68.56
Manitoba,2018-05-01,0,146393.19,125.1,192,796723,11.1,83,66.98
Manitoba,2018-06-01,0,154526.145,125.3,191.9,797546,17.2,106,74.13
Manitoba,2018-07-01,0,162659.1,123.4,189.2,798369,20.4,91,69.88
Manitoba,2018-08-01,0,162659.1,118,180.8,799193,19.4,78,69.84
Manitoba,2018-09-01,0,154526.145,116.6,178.9,800019,14.2,72,73.16
Manitoba,2018-10-01,0,138260.235,111.3,170.8,800844,6,50,65.31
Manitoba,2018-11-01,0,121994.325,102.4,157.3,801671,-2.8,33,50.78
Manitoba,2018-12-01,0,105728.415,95.5,147.3,802499,-12.2,26,45.15
Manitoba,2019-01-01,0,105781.78,89.9,138.7,803010,-15.7,21,53.84
Manitoba,2019-02-01,0,105781.78,97.5,149.9,803522,-14.1,18,57.21
Manitoba,2019-03-01,0,130192.96,108.4,166.4,804034,-5.6,30,60.19
Manitoba,2019-04-01,4.42,138330.02,125.1,192,804546,4.1,38,63.83
Manitoba,2019-05-01,4.42,146467.08,122.6,188.6,805059,11.1,83,53.49
Manitoba,2019-06-01,4.42,154604.14,113.1,174.3,805572,17.2,106,58.2
Manitoba,2019-07-01,4.42,162741.2,114.7,176.4,806085,20.4,91,58.53
Manitoba,2019-08-01,4.42,162741.2,107.7,166,806598,19.4,78,55.07
Manitoba,2019-09-01,4.42,154604.14,108.2,166.6,807112,14.2,72,54.09
Manitoba,2019-10-01,4.42,138330.02,110.9,170.8,807627,6,50,54.02
Manitoba,2019-11-01,4.42,122055.9,107,164.9,808141,-2.8,33,58.12
Manitoba,2019-12-01,4.42,105781.78,103.3,159.4,808656,-12.2,26,61.14
Manitoba,2020-01-01,4.42,93234.375,101.6,156.8,807626,-15.7,21,51.58
Manitoba,2020-02-01,4.42,93234.375,102.5,157.8,806598,-14.1,18,44.83
Manitoba,2020-03-01,4.42,114750,84.5,130.7,805571,-5.6,30,20.51
Manitoba,2020-04-01,6.63,121921.875,67.7,105.1,804546,4.1,38,19.23
Manitoba,2020-05-01,6.63,129093.75,85.2,131.3,803522,11.1,83,35.57
Manitoba,2020-06-01,6.63,136265.625,95.5,146.9,802499,17.2,106,39.27
Manitoba,2020-07-01,6.63,143437.5,99.9,153.7,801477,20.4,91,40.1
Manitoba,2020-08-01,6.63,143437.5,97.8,150.6,800457,19.4,78,42.61
Manitoba,2020-09-01,6.63,136265.625,96.7,148.8,799437,14.2,72,40.05
Manitoba,2020-10-01,6.63,121921.875,101.1,155.7,798420,6,50,35.64
Manitoba,2020-11-01,6.63,107578.125,95.9,147.8,797403,-2.8,33,45.2
Manitoba,2020-12-01,6.63,93234.375,95.7,147.3,796388,-12.2,26,48.35
Manitoba,2021-01-01,6.63,97224.335,102.9,158.2,799333,-15.7,21,52.16
Manitoba,2021-02-01,6.63,97224.335,109.2,167.8,802289,-14.1,18,61.55
Manitoba,2021-03-01,6.63,119660.72,115.9,178,805256,-5.6,30,59.19
Manitoba,2021-04-01,8.84,127139.515,122.7,188.4,808234,4.1,38,63.5
Manitoba,2021-05-01,8.84,134618.31,127.8,196.2,811223,11.1,83,66.31
Manitoba,2021-06-01,8.84,142097.105,127.1,195.2,814223,17.2,106,73.52
Manitoba,2021-07-01,8.84,149575.9,131.5,201.9,817234,20.4,91,73.93
Manitoba,2021-08-01,8.84,149575.9,131.8,202.2,820256,19.4,78,68.43
Manitoba,2021-09-01,8.84,142097.105,131.8,202.2,823289,14.2,72,75.22
Manitoba,2021-10-01,8.84,127139.515,141.2,216.7,826334,6,50,83.5
Manitoba,2021-11-01,8.84,112181.925,138.7,213.2,829390,-2.8,33,66.14
Manitoba,2021-12-01,8.84,97224.335,130.7,201,832457,-12.2,26,75.33
Manitoba,2022-01-01,8.84,95586.335,138.5,212.7,832945,-15.7,21,89.16
Manitoba,2022-02-01,8.84,95586.335,147.1,225.8,833433,-14.1,18,96.13
Manitoba,2022-03-01,8.84,117644.72,169.8,260.4,833921,-5.6,30,100.53
Manitoba,2022-04-01,11.05,124997.515,170.9,262.1,834409,4.1,38,104.59
Manitoba,2022-05-01,11.05,132350.31,183.1,280.6,834898,11.1,83,114.38
Manitoba,2022-06-01,11.05,139703.105,205.3,314.5,835387,17.2,106,107.76
Manitoba,2022-07-01,11.05,147055.9,190.1,291,835877,20.4,91,101.31
Manitoba,2022-08-01,11.05,147055.9,169.9,260.4,836366,19.4,78,90.09
Manitoba,2022-09-01,11.05,139703.105,169.2,259.3,836856,14.2,72,79.91
Manitoba,2022-10-01,11.05,124997.515,184.3,282.5,837347,6,50,86.54
Manitoba,2022-11-01,11.05,110291.925,171.7,263.2,837837,-2.8,33,80.48
Manitoba,2022-12-01,11.05,95586.335,150.8,231.6,838328,-12.2,26,80.16
Manitoba,2023-01-01,11.05,97926.075,147.2,226.3,839092,-15.7,21,78.95
Manitoba,2023-02-01,11.05,97926.075,153.2,234.8,839856,-14.1,18,76.88
Manitoba,2023-03-01,11.05,120524.4,151.5,232.7,840621,-5.6,30,75.68
Manitoba,2023-04-01,14.31,128057.175,162.4,249.2,841387,4.1,38,76.78
Manitoba,2023-05-01,14.31,135589.95,163,250.2,842153,11.1,83,68.11
Manitoba,2023-06-01,14.31,143122.725,157.6,242,842920,17.2,106,70.66
Manitoba,2023-07-01,14.31,150655.5,157.5,241.8,843688,20.4,91,81.8
Manitoba,2023-08-01,14.31,150655.5,163.3,250.6,844457,19.4,78,83.55
Manitoba,2023-09-01,14.31,143122.725,163.4,250.9,845226,14.2,72,90.77
Manitoba,2023-10-01,14.31,128057.175,155.9,239.4,845996,6,50,81.64
Manitoba,2023-11-01,14.31,112991.625,151.6,232.8,846767,-2.8,33,75.66
Manitoba,2023-12-01,14.31,97926.075,136.7,210.2,847538,-12.2,26,71.89
Manitoba,2024-01-01,14.31,108200.365,117.4,180.5,848647,-15.7,21,76.28
Manitoba,2024-02-01,14.31,108200.365,125.6,193,849758,-14.1,18,79.22
Manitoba,2024-03-01,14.31,133169.68,135.5,208.1,850870,-5.6,30,83.96
Manitoba,2024-04-01,17.61,141492.785,141.5,217.5,851983,4.1,38,83.49
Manitoba,2024-05-01,17.61,149815.89,141.4,217.2,853098,11.1,83,77.97
Manitoba,2024-06-01,17.61,158138.995,137.1,210.7,854214,17.2,106,81.54
Manitoba,2024-07-01,17.61,166462.1,144.6,222,855332,20.4,91,75.27
Manitoba,2024-08-01,17.61,166462.1,147,225.6,856451,19.4,78,73.55
Manitoba,2024-09-01,17.61,158138.995,132.3,203.1,857572,14.2,72,68.17
Manitoba,2024-10-01,17.61,141492.785,130.9,200.5,858694,6,50,70.62
Manitoba,2024-11-01,17.61,124846.575,128,196.2,859818,-2.8,33,68
Manitoba,2024-12-01,17.61,108200.365,128.1,196.2,860943,-12.2,26,71.72
Manitoba,2025-01-01,17.61,110364.345,148.5,227.2,862106,-15.7,21,72.53
Manitoba,2025-02-01,17.61,110364.345,155.5,237.5,863270,-14.1,18,70.13
Manitoba,2025-03-01,17.61,135833.04,153,233.4,864436,-5.6,30,69.37
Manitoba,2025-04-01,0,144322.605,132,201.4,865603,4.1,38,58.35
Manitoba,2025-05-01,0,152812.17,132.3,202.5,866772,11.1,83,60.79
Manitoba,2025-06-01,0,161301.735,132.2,203,867943,17.2,106,64.79
Manitoba,2025-07-01,0,169791.3,134.5,206.4,869115,20.4,91,70.31
Manitoba,2025-08-01,0,169791.3,137.9,211,870289,19.4,78,64.21
Manitoba,2025-09-01,0,161301.735,135.1,207.3,871464,14.2,72,63.17
New Brunswick,2017-01-01,0,73369.66,111.3,151.5,541846,-9.5,95,52.75
New Brunswick,2017-02-01,0,73369.66,106.4,144.1,543182,-8,73,54
New Brunswick,2017-03-01,0,90301.12,103.9,142,544522,-2.5,93,50.54
New Brunswick,2017-04-01,0,95944.94,111.3,149.6,545865,4.5,86,49.31
New Brunswick,2017-05-01,0,101588.76,107.6,145.3,547211,11.5,96,48.29
New Brunswick,2017-06-01,0,107232.58,105.1,142.5,548560,16.5,82,46.02
New Brunswick,2017-07-01,0,112876.4,102.1,139.3,549913,19.5,88,50.21
New Brunswick,2017-08-01,0,112876.4,107.1,144.3,551270,18.5,86,47.26
New Brunswick,2017-09-01,0,107232.58,115.1,155.2,552629,13.5,88,51.67
New Brunswick,2017-10-01,0,95944.94,107.5,145.4,553992,7.5,89,54.36
New Brunswick,2017-11-01,0,84657.3,115.5,155.6,555358,1.5,106,57.4
New Brunswick,2017-12-01,0,73369.66,112.3,151.4,556728,-6,95,60.46
New Brunswick,2018-01-01,0,72375.55,114.1,154.3,557144,-9.5,95,64.82
New Brunswick,2018-02-01,0,72375.55,113.9,153.4,557561,-8,73,61.43
New Brunswick,2018-03-01,0,89077.6,113.9,153.3,557977,-2.5,93,64.87
New Brunswick,2018-04-01,0,94644.95,122.9,165.2,558394,4.5,86,68.56
New Brunswick,2018-05-01,0,100212.3,128.9,173.5,558812,11.5,96,66.98
New Brunswick,2018-06-01,0,105779.65,125.7,169.7,559229,16.5,82,74.13
New Brunswick,2018-07-01,0,111347,126.9,170.8,559647,19.5,88,69.88
New Brunswick,2018-08-01,0,111347,126.5,170.5,560066,18.5,86,69.84
New Brunswick,2018-09-01,0,105779.65,127,170.9,560484,13.5,88,73.16
New Brunswick,2018-10-01,0,94644.95,126.2,169.9,560903,7.5,89,65.31
New Brunswick,2018-11-01,0,83510.25,113.4,153.1,561322,1.5,106,50.78
New Brunswick,2018-12-01,0,72375.55,105.3,141.9,561742,-6,95,45.15
New Brunswick,2019-01-01,0,72318.87,102.1,137.4,562043,-9.5,95,53.84
New Brunswick,2019-02-01,0,72318.87,104.1,140.4,562344,-8,73,57.21
New Brunswick,2019-03-01,0,89007.84,114.6,154.3,562645,-2.5,93,60.19
New Brunswick,2019-04-01,4.42,94570.83,130,175.2,562946,4.5,86,63.83
New Brunswick,2019-05-01,4.42,100133.82,130.3,175.4,563248,11.5,96,53.49
New Brunswick,2019-06-01,4.42,105696.81,119.2,160.5,563549,16.5,82,58.2
New Brunswick,2019-07-01,4.42,111259.8,124,167.1,563851,19.5,88,58.53
New Brunswick,2019-08-01,4.42,111259.8,120,161.7,564153,18.5,86,55.07
New Brunswick,2019-09-01,4.42,105696.81,117.8,158.8,564455,13.5,88,54.09
New Brunswick,2019-10-01,4.42,94570.83,118.1,159.4,564757,7.5,89,54.02
New Brunswick,2019-11-01,4.42,83444.85,118.9,160.3,565059,1.5,106,58.12
New Brunswick,2019-12-01,4.42,72318.87,118.4,159.6,565362,-6,95,61.14
New Brunswick,2020-01-01,4.42,64093.12,117.8,158.9,564413,-9.5,95,51.58
New Brunswick,2020-02-01,4.42,64093.12,113.3,152.7,563465,-8,73,44.83
New Brunswick,2020-03-01,4.42,78883.84,95.4,128.6,562519,-2.5,93,20.51
New Brunswick,2020-04-01,6.63,83814.08,73.4,99.5,561575,4.5,86,19.23
New Brunswick,2020-05-01,6.63,88744.32,82.8,112.1,560632,11.5,96,35.57
New Brunswick,2020-06-01,6.63,93674.56,92.7,125.6,559691,16.5,82,39.27
New Brunswick,2020-07-01,6.63,98604.8,98.2,132.9,558751,19.5,88,40.1
New Brunswick,2020-08-01,6.63,98604.8,96.9,131.1,557813,18.5,86,42.61
New Brunswick,2020-09-01,6.63,93674.56,97,131.4,556877,13.5,88,40.05
New Brunswick,2020-10-01,6.63,83814.08,96.8,131.1,555942,7.5,89,35.64
New Brunswick,2020-11-01,6.63,73953.6,94.3,127.7,555009,1.5,106,45.2
New Brunswick,2020-12-01,6.63,64093.12,98.8,133.4,554077,-6,95,48.35
New Brunswick,2021-01-01,6.63,67973.035,106.1,143.4,555050,-9.5,95,52.16
New Brunswick,2021-02-01,6.63,67973.035,112.3,151.8,556025,-8,73,61.55
New Brunswick,2021-03-01,6.63,83659.12,123.1,166.3,557002,-2.5,93,59.19
New Brunswick,2021-04-01,8.84,88887.815,125.8,169.7,557980,4.5,86,63.5
New Brunswick,2021-05-01,8.84,94116.51,128.7,173.5,558960,11.5,96,66.31
New Brunswick,2021-06-01,8.84,99345.205,130.2,175.6,559942,16.5,82,73.52
New Brunswick,2021-07-01,8.84,104573.9,135.8,183.1,560925,19.5,88,73.93
New Brunswick,2021-08-01,8.84,104573.9,136.3,183.7,561911,18.5,86,68.43
New Brunswick,2021-09-01,8.84,99345.205,137.7,185.6,562898,13.5,88,75.22
New Brunswick,2021-10-01,8.84,88887.815,143.1,192.9,563886,7.5,89,83.5
New Brunswick,2021-11-01,8.84,78430.425,146,196.5,564877,1.5,106,66.14
New Brunswick,2021-12-01,8.84,67973.035,139.6,187.7,565869,-6,95,75.33
New Brunswick,2022-01-01,8.84,68328.975,142.2,191.7,565779,-9.5,95,89.16
New Brunswick,2022-02-01,8.84,68328.975,153.2,206.3,565688,-8,73,96.13
New Brunswick,2022-03-01,8.84,84097.2,169.6,228.2,565598,-2.5,93,100.53
New Brunswick,2022-04-01,11.05,89353.275,174.4,234.7,565508,4.5,86,104.59
New Brunswick,2022-05-01,11.05,94609.35,194.2,261.3,565417,11.5,96,114.38
New Brunswick,2022-06-01,11.05,99865.425,210.6,283.2,565327,16.5,82,107.76
New Brunswick,2022-07-01,11.05,105121.5,192.1,258.1,565237,19.5,88,101.31
New Brunswick,2022-08-01,11.05,105121.5,177.1,238.4,565147,18.5,86,90.09
New Brunswick,2022-09-01,11.05,99865.425,158.5,213.4,565057,13.5,88,79.91
New Brunswick,2022-10-01,11.05,89353.275,168.9,227.2,564966,7.5,89,86.54
New Brunswick,2022-11-01,11.05,78841.125,174.1,234,564876,1.5,106,80.48
New Brunswick,2022-12-01,11.05,68328.975,149.5,201.3,564786,-6,95,80.16
New Brunswick,2023-01-01,11.05,69252.625,157.4,212,564888,-9.5,95,78.95
New Brunswick,2023-02-01,11.05,69252.625,158.7,213.7,564990,-8,73,76.88
New Brunswick,2023-03-01,11.05,85234,156.7,211.3,565093,-2.5,93,75.68
New Brunswick,2023-04-01,14.31,90561.125,169.3,228,565195,4.5,86,76.78
New Brunswick,2023-05-01,14.31,95888.25,159.1,214.3,565297,11.5,96,68.11
New Brunswick,2023-06-01,14.31,101215.375,161.4,217.4,565399,16.5,82,70.66
New Brunswick,2023-07-01,14.31,106542.5,170.6,229.7,565501,19.5,88,81.8
New Brunswick,2023-08-01,14.31,106542.5,182.7,245.6,565604,18.5,86,83.55
New Brunswick,2023-09-01,14.31,101215.375,184.5,248.1,565706,13.5,88,90.77
New Brunswick,2023-10-01,14.31,90561.125,167.3,225.4,565808,7.5,89,81.64
New Brunswick,2023-11-01,14.31,79906.875,160.3,215.9,565911,1.5,106,75.66
New Brunswick,2023-12-01,14.31,69252.625,154.8,208.7,566013,-6,95,71.89
New Brunswick,2024-01-01,14.31,70640.18,152.7,205.8,566567,-9.5,95,76.28
New Brunswick,2024-02-01,14.31,70640.18,158.5,213.6,567122,-8,73,79.22
New Brunswick,2024-03-01,14.31,86941.76,163.2,220,567678,-2.5,93,83.96
New Brunswick,2024-04-01,17.61,92375.62,176.9,240.2,568234,4.5,86,83.49
New Brunswick,2024-05-01,17.61,97809.48,172.4,233,568790,11.5,96,77.97
New Brunswick,2024-06-01,17.61,103243.34,166.6,225.2,569347,16.5,82,81.54
New Brunswick,2024-07-01,17.61,108677.2,170.7,230.9,569905,19.5,88,75.27
New Brunswick,2024-08-01,17.61,108677.2,165.1,223.3,570463,18.5,86,73.55
New Brunswick,2024-09-01,17.61,103243.34,152.5,206.3,571022,13.5,88,68.17
New Brunswick,2024-10-01,17.61,92375.62,154.9,209.2,571581,7.5,89,70.62
New Brunswick,2024-11-01,17.61,81507.9,156.7,211.4,572141,1.5,106,68
New Brunswick,2024-12-01,17.61,70640.18,155,209,572701,-6,95,71.72
New Brunswick,2025-01-01,17.61,72052.955,160.9,216.9,573141,-9.5,95,72.53
New Brunswick,2025-02-01,17.61,72052.955,163.4,220.1,573581,-8,73,70.13
New Brunswick,2025-03-01,17.61,88680.56,157,211.8,574021,-2.5,93,69.37
New Brunswick,2025-04-01,0,94223.095,137.9,186.3,574462,4.5,86,58.35
New Brunswick,2025-05-01,0,99765.63,140.2,189.4,574903,11.5,96,60.79
New Brunswick,2025-06-01,0,105308.165,140.1,189.1,575344,16.5,82,64.79
New Brunswick,2025-07-01,0,110850.7,140.4,189.8,575786,19.5,88,70.31
New Brunswick,2025-08-01,0,110850.7,142.9,192.4,576228,18.5,86,64.21
New Brunswick,2025-09-01,0,105308.165,145.8,196.7,576671,13.5,88,63.17
Newfoundland and Labrador,2017-01-01,0,48734.27,137.5,177.2,364852,-2.6,129,52.75
Newfoundland and Labrador,2017-02-01,0,48734.27,130.7,169.8,365752,-3.3,108,54
Newfoundland and Labrador,2017-03-01,0,59980.64,126.6,165.8,366654,-1.7,109,50.54
Newfoundland and Labrador,2017-04-01,0,63729.43,133.8,174.4,367558,1.9,92,49.31
Newfoundland and Labrador,2017-05-01,0,67478.22,129.5,169.9,368465,5.7,77,48.29
Newfoundland and Labrador,2017-06-01,0,71227.01,113.5,150.7,369373,10,69,46.02
Newfoundland and Labrador,2017-07-01,0,74975.8,112.1,149.7,370284,15.6,80,50.21
Newfoundland and Labrador,2017-08-01,0,74975.8,116.2,153.4,371198,16.4,83,47.26
Newfoundland and Labrador,2017-09-01,0,71227.01,125.7,164.9,372113,13.4,95,51.67
Newfoundland and Labrador,2017-10-01,0,63729.43,120,157.2,373031,8.7,112,54.36
Newfoundland and Labrador,2017-11-01,0,56231.85,126.8,166.3,373951,4.5,115,57.4
Newfoundland and Labrador,2017-12-01,0,48734.27,118,155.6,374873,0.1,133,60.46
Newfoundland and Labrador,2018-01-01,0,38001.21,120.3,158.6,374018,-2.6,129,64.82
Newfoundland and Labrador,2018-02-01,0,38001.21,121.8,159.8,373165,-3.3,108,61.43
Newfoundland and Labrador,2018-03-01,0,46770.72,122.1,160,372313,-1.7,109,64.87
Newfoundland and Labrador,2018-04-01,0,49693.89,131,171.4,371464,1.9,92,68.56
Newfoundland and Labrador,2018-05-01,0,52617.06,137.1,179.2,370617,5.7,77,66.98
Newfoundland and Labrador,2018-06-01,0,55540.23,134.3,175.5,369771,10,69,74.13
Newfoundland and Labrador,2018-07-01,0,58463.4,134.9,176.3,368928,15.6,80,69.88
Newfoundland and Labrador,2018-08-01,0,58463.4,132.5,173.4,368086,16.4,83,69.84
Newfoundland and Labrador,2018-09-01,0,55540.23,131.2,172,367247,13.4,95,73.16
Newfoundland and Labrador,2018-10-01,0,49693.89,131.2,171.7,366409,8.7,112,65.31
Newfoundland and Labrador,2018-11-01,0,43847.55,118.6,155.4,365573,4.5,115,50.78
Newfoundland and Labrador,2018-12-01,0,38001.21,109.7,144.2,364739,0.1,133,45.15
Newfoundland and Labrador,2019-01-01,0,45615.57,107.3,140.9,364416,-2.6,129,53.84
Newfoundland and Labrador,2019-02-01,0,45615.57,113.1,147.2,364093,-3.3,108,57.21
Newfoundland and Labrador,2019-03-01,0,56142.24,122.8,159.8,363770,-1.7,109,60.19
Newfoundland and Labrador,2019-04-01,4.42,59651.13,131.6,171.8,363448,1.9,92,63.83
Newfoundland and Labrador,2019-05-01,4.42,63160.02,131.1,171.4,363126,5.7,77,53.49
Newfoundland and Labrador,2019-06-01,4.42,66668.91,120.2,157,362804,10,69,58.2
Newfoundland and Labrador,2019-07-01,4.42,70177.8,128.3,166.6,362482,15.6,80,58.53
Newfoundland and Labrador,2019-08-01,4.42,70177.8,123.4,160.6,362161,16.4,83,55.07
Newfoundland and Labrador,2019-09-01,4.42,66668.91,121.4,158,361840,13.4,95,54.09
Newfoundland and Labrador,2019-10-01,4.42,59651.13,121.2,157.9,361519,8.7,112,54.02
Newfoundland and Labrador,2019-11-01,4.42,52633.35,122,158.9,361199,4.5,115,58.12
Newfoundland and Labrador,2019-12-01,4.42,45615.57,121.9,158.7,360879,0.1,133,61.14
Newfoundland and Labrador,2020-01-01,4.42,41645.89,123.6,160.6,360628,-2.6,129,51.58
Newfoundland and Labrador,2020-02-01,4.42,41645.89,120.2,156.4,360378,-3.3,108,44.83
Newfoundland and Labrador,2020-03-01,4.42,51256.48,101.4,132.5,360128,-1.7,109,20.51
Newfoundland and Labrador,2020-04-01,6.63,54460.01,81.3,106.1,359878,1.9,92,19.23
Newfoundland and Labrador,2020-05-01,6.63,57663.54,91.5,118.9,359628,5.7,77,35.57
Newfoundland and Labrador,2020-06-01,6.63,60867.07,102.9,133.7,359378,10,69,39.27
Newfoundland and Labrador,2020-07-01,6.63,64070.6,107.2,139.2,359128,15.6,80,40.1
Newfoundland and Labrador,2020-08-01,6.63,64070.6,106.7,138.5,358879,16.4,83,42.61
Newfoundland and Labrador,2020-09-01,6.63,60867.07,106.6,138.4,358630,13.4,95,40.05
Newfoundland and Labrador,2020-10-01,6.63,54460.01,110.3,143.1,358381,8.7,112,35.64
Newfoundland and Labrador,2020-11-01,6.63,48052.95,112,145.1,358132,4.5,115,45.2
Newfoundland and Labrador,2020-12-01,6.63,41645.89,117,151.6,357883,0.1,133,48.35
Newfoundland and Labrador,2021-01-01,6.63,43204.655,124.8,161.5,358575,-2.6,129,52.16
Newfoundland and Labrador,2021-02-01,6.63,43204.655,130.8,169,359267,-3.3,108,61.55
Newfoundland and Labrador,2021-03-01,6.63,53174.96,141.6,183.1,359962,-1.7,109,59.19
Newfoundland and Labrador,2021-04-01,8.84,56498.395,141.2,182.6,360657,1.9,92,63.5
Newfoundland and Labrador,2021-05-01,8.84,59821.83,143.5,185.6,361354,5.7,77,66.31
Newfoundland and Labrador,2021-06-01,8.84,63145.265,145,187.5,362052,10,69,73.52
Newfoundland and Labrador,2021-07-01,8.84,66468.7,153.4,198.3,362752,15.6,80,73.93
Newfoundland and Labrador,2021-08-01,8.84,66468.7,151.9,196.7,363453,16.4,83,68.43
Newfoundland and Labrador,2021-09-01,8.84,63145.265,153.8,199.2,364155,13.4,95,75.22
Newfoundland and Labrador,2021-10-01,8.84,56498.395,160.2,207.4,364859,8.7,112,83.5
Newfoundland and Labrador,2021-11-01,8.84,49851.525,159.1,206,365564,4.5,115,66.14
Newfoundland and Labrador,2021-12-01,8.84,43204.655,151.7,196.5,366270,0.1,133,75.33
Newfoundland and Labrador,2022-01-01,8.84,38935.91,159.2,206.1,366549,-2.6,129,89.16
Newfoundland and Labrador,2022-02-01,8.84,38935.91,170.9,221.1,366829,-3.3,108,96.13
Newfoundland and Labrador,2022-03-01,8.84,47921.12,187.8,242.7,367109,-1.7,109,100.53
Newfoundland and Labrador,2022-04-01,11.05,50916.19,189.9,245.4,367389,1.9,92,104.59
Newfoundland and Labrador,2022-05-01,11.05,53911.26,215.5,278.4,367669,5.7,77,114.38
Newfoundland and Labrador,2022-06-01,11.05,56906.33,219.7,283.8,367950,10,69,107.76
Newfoundland and Labrador,2022-07-01,11.05,59901.4,200.4,258.9,368230,15.6,80,101.31
Newfoundland and Labrador,2022-08-01,11.05,59901.4,184.3,238.2,368511,16.4,83,90.09
Newfoundland and Labrador,2022-09-01,11.05,56906.33,166.8,215.7,368792,13.4,95,79.91
Newfoundland and Labrador,2022-10-01,11.05,50916.19,180.1,232.8,369074,8.7,112,86.54
Newfoundland and Labrador,2022-11-01,11.05,44926.05,181.2,234.2,369355,4.5,115,80.48
Newfoundland and Labrador,2022-12-01,11.05,38935.91,157.8,204.1,369637,0.1,133,80.16
Newfoundland and Labrador,2023-01-01,11.05,44033.34,165.5,214,369563,-2.6,129,78.95
Newfoundland and Labrador,2023-02-01,11.05,44033.34,166.1,214.8,369490,-3.3,108,76.88
Newfoundland and Labrador,2023-03-01,11.05,54194.88,165.1,213.5,369416,-1.7,109,75.68
Newfoundland and Labrador,2023-04-01,14.31,57582.06,174.3,225.3,369342,1.9,92,76.78
Newfoundland and Labrador,2023-05-01,14.31,60969.24,165.5,214,369268,5.7,77,68.11
Newfoundland and Labrador,2023-06-01,14.31,64356.42,168.4,217.7,369195,10,69,70.66
Newfoundland and Labrador,2023-07-01,14.31,67743.6,174.8,225.9,369121,15.6,80,81.8
Newfoundland and Labrador,2023-08-01,14.31,67743.6,188,242.9,369047,16.4,83,83.55
Newfoundland and Labrador,2023-09-01,14.31,64356.42,190,245.5,368974,13.4,95,90.77
Newfoundland and Labrador,2023-10-01,14.31,57582.06,173.9,224.8,368900,8.7,112,81.64
Newfoundland and Labrador,2023-11-01,14.31,50807.7,168.3,217.6,368827,4.5,115,75.66
Newfoundland and Labrador,2023-12-01,14.31,44033.34,163,210.8,368753,0.1,133,71.89
Newfoundland and Labrador,2024-01-01,14.31,39651.365,161.2,208.5,368209,-2.6,129,76.28
Newfoundland and Labrador,2024-02-01,14.31,39651.365,168.4,217.8,367666,-3.3,108,79.22
Newfoundland and Labrador,2024-03-01,14.31,48801.68,173.5,224.3,367123,-1.7,109,83.96
Newfoundland and Labrador,2024-04-01,17.61,51851.785,188.4,243.5,366582,1.9,92,83.49
Newfoundland and Labrador,2024-05-01,17.61,54901.89,185.1,239.2,366041,5.7,77,77.97
Newfoundland and Labrador,2024-06-01,17.61,57951.995,177.2,229,365501,10,69,81.54
Newfoundland and Labrador,2024-07-01,17.61,61002.1,180.8,233.6,364961,15.6,80,75.27
Newfoundland and Labrador,2024-08-01,17.61,61002.1,175.6,227,364423,16.4,83,73.55
Newfoundland and Labrador,2024-09-01,17.61,57951.995,163.1,210.8,363885,13.4,95,68.17
Newfoundland and Labrador,2024-10-01,17.61,51851.785,164.8,213,363348,8.7,112,70.62
Newfoundland and Labrador,2024-11-01,17.61,45751.575,165.8,214.3,362812,4.5,115,68
Newfoundland and Labrador,2024-12-01,17.61,39651.365,164.7,212.9,362277,0.1,133,71.72
Newfoundland and Labrador,2025-01-01,17.61,40444.365,169.7,219.4,362087,-2.6,129,72.53
Newfoundland and Labrador,2025-02-01,17.61,40444.365,172.1,222.3,361897,-3.3,108,70.13
Newfoundland and Labrador,2025-03-01,17.61,49777.68,168.4,217.7,361706,-1.7,109,69.37
Newfoundland and Labrador,2025-04-01,0,52888.785,149.1,193.1,361516,1.9,92,58.35
Newfoundland and Labrador,2025-05-01,0,55999.89,149.4,193.5,361327,5.7,77,60.79
Newfoundland and Labrador,2025-06-01,0,59110.995,150.1,194.4,361137,10,69,64.79
Newfoundland and Labrador,2025-07-01,0,62222.1,149.8,194.1,360947,15.6,80,70.31
Newfoundland and Labrador,2025-08-01,0,62222.1,151.5,196.3,360757,16.4,83,64.21
Newfoundland and Labrador,2025-09-01,0,59110.995,154.8,200.5,360568,13.4,95,63.17
Northwest Territories,2017-01-01,0,2766.92,121.7,151.6,23664,-21.7,15,52.75
Northwest Territories,2017-02-01,0,2766.92,118.2,141.9,23722,-18.6,10,54
Northwest Territories,2017-03-01,0,3405.44,116.9,140.3,23781,-11.4,14,50.54
Northwest Territories,2017-04-01,0,3618.28,118.7,150.7,23840,-2.7,14,49.31
Northwest Territories,2017-05-01,0,3831.12,116.9,144.6,23898,4.4,21,48.29
Northwest Territories,2017-06-01,0,4043.96,115.9,140.9,23957,11.4,27,46.02
Northwest Territories,2017-07-01,0,4256.8,114.4,139.1,24016,15.7,39,50.21
Northwest Territories,2017-08-01,0,4256.8,114.9,143.8,24076,13.5,51,47.26
Northwest Territories,2017-09-01,0,4043.96,115,156,24135,6.6,44,51.67
Northwest Territories,2017-10-01,0,3618.28,114.5,144,24195,-1.3,31,54.36
Northwest Territories,2017-11-01,0,3192.6,123.4,156.3,24254,-11.7,23,57.4
Northwest Territories,2017-12-01,0,2766.92,122.4,150.9,24314,-19.6,16,60.46
Northwest Territories,2018-01-01,0,2720.445,123.1,155.4,24325,-21.7,15,64.82
Northwest Territories,2018-02-01,0,2720.445,122.9,153.9,24335,-18.6,10,61.43
Northwest Territories,2018-03-01,0,3348.24,122.9,153.8,24346,-11.4,14,64.87
Northwest Territories,2018-04-01,0,3557.505,128.9,167.4,24356,-2.7,14,68.56
Northwest Territories,2018-05-01,0,3766.77,137.2,175.7,24367,4.4,21,66.98
Northwest Territories,2018-06-01,0,3976.035,141.7,169.1,24377,11.4,27,74.13
Northwest Territories,2018-07-01,0,4185.3,144.4,170.1,24388,15.7,39,69.88
Northwest Territories,2018-08-01,0,4185.3,145.6,167.1,24399,13.5,51,69.84
Northwest Territories,2018-09-01,0,3976.035,146.4,166.5,24409,6.6,44,73.16
Northwest Territories,2018-10-01,0,3557.505,146,165.3,24420,-1.3,31,65.31
Northwest Territories,2018-11-01,0,3138.975,140.4,145.8,24430,-11.7,23,50.78
Northwest Territories,2018-12-01,0,2720.445,128.8,134.9,24441,-19.6,16,45.15
Northwest Territories,2019-01-01,0,2817.165,119.7,133.7,24409,-21.7,15,53.84
Northwest Territories,2019-02-01,0,2817.165,120.3,139.4,24377,-18.6,10,57.21
Northwest Territories,2019-03-01,0,3467.28,125.6,157.3,24345,-11.4,14,60.19
Northwest Territories,2019-04-01,4.7,3683.985,134.5,172,24313,-2.7,14,63.83
Northwest Territories,2019-05-01,4.7,3900.69,142.7,169.5,24282,4.4,21,53.49
Northwest Territories,2019-06-01,4.7,4117.395,138.5,149.6,24250,11.4,27,58.2
Northwest Territories,2019-07-01,4.7,4334.1,134.4,161.7,24218,15.7,39,58.53
Northwest Territories,2019-08-01,4.7,4334.1,131.6,154.1,24186,13.5,51,55.07
Northwest Territories,2019-09-01,4.7,4117.395,133.5,151.8,24155,6.6,44,54.09
Northwest Territories,2019-10-01,4.7,3683.985,133.4,152.3,24123,-1.3,31,54.02
Northwest Territories,2019-11-01,4.7,3250.575,132.1,153.4,24092,-11.7,23,58.12
Northwest Territories,2019-12-01,4.7,2817.165,131.7,151.5,24060,-19.6,16,61.14
Northwest Territories,2020-01-01,4.7,2597.79,129.7,151.7,24013,-21.7,15,51.58
Northwest Territories,2020-02-01,4.7,2597.79,127.6,145.1,23967,-18.6,10,44.83
Northwest Territories,2020-03-01,4.7,3197.28,112.4,115.6,23920,-11.4,14,20.51
Northwest Territories,2020-04-01,7,3397.11,94.7,92.1,23874,-2.7,14,19.23
Northwest Territories,2020-05-01,7,3596.94,96.7,106,23828,4.4,21,35.57
Northwest Territories,2020-06-01,7,3796.77,109.5,121.4,23781,11.4,27,39.27
Northwest Territories,2020-07-01,7,3996.6,115,129.8,23735,15.7,39,40.1
Northwest Territories,2020-08-01,7,3996.6,116.5,128,23689,13.5,51,42.61
Northwest Territories,2020-09-01,7,3796.77,117.2,127.3,23643,6.6,44,40.05
Northwest Territories,2020-10-01,7,3397.11,120,127.2,23597,-1.3,31,35.64
Northwest Territories,2020-11-01,7,2997.45,118.9,123,23552,-11.7,23,45.2
Northwest Territories,2020-12-01,7,2597.79,118.9,130.3,23506,-19.6,16,48.35
Northwest Territories,2021-01-01,7,2719.99,121.4,145.1,23590,-21.7,15,52.16
Northwest Territories,2021-02-01,7,2719.99,124.3,155.7,23675,-18.6,10,61.55
Northwest Territories,2021-03-01,7,3347.68,130.4,168.5,23759,-11.4,14,59.19
Northwest Territories,2021-04-01,9,3556.91,135.7,168.6,23844,-2.7,14,63.5
Northwest Territories,2021-05-01,9,3766.14,140.9,172,23930,4.4,21,66.31
Northwest Territories,2021-06-01,9,3975.37,143.1,174.1,24015,11.4,27,73.52
Northwest Territories,2021-07-01,9,4184.6,147.6,182.4,24101,15.7,39,73.93
Northwest Territories,2021-08-01,9,4184.6,149.8,180.7,24188,13.5,51,68.43
Northwest Territories,2021-09-01,9,3975.37,149.9,182,24274,6.6,44,75.22
Northwest Territories,2021-10-01,9,3556.91,150.6,191.8,24361,-1.3,31,83.5
Northwest Territories,2021-11-01,9,3138.45,152.8,189.7,24448,-11.7,23,66.14
Northwest Territories,2021-12-01,9,2719.99,151.5,176.1,24536,-19.6,16,75.33
Northwest Territories,2022-01-01,9,2693.015,151.5,190.4,24539,-21.7,15,89.16
Northwest Territories,2022-02-01,9,2693.015,158.1,207,24543,-18.6,10,96.13
Northwest Territories,2022-03-01,9,3314.48,175.6,230,24546,-11.4,14,100.53
Northwest Territories,2022-04-01,11.7,3521.635,174.4,227.4,24550,-2.7,14,104.59
Northwest Territories,2022-05-01,11.7,3728.79,187,263.1,24553,4.4,21,114.38
Northwest Territories,2022-06-01,11.7,3935.945,208.1,279.5,24557,11.4,27,107.76
Northwest Territories,2022-07-01,11.7,4143.1,200,251.4,24560,15.7,39,101.31
Northwest Territories,2022-08-01,11.7,4143.1,177.1,228.9,24564,13.5,51,90.09
Northwest Territories,2022-09-01,11.7,3935.945,173.9,206.6,24567,6.6,44,79.91
Northwest Territories,2022-10-01,11.7,3521.635,180.2,224.9,24571,-1.3,31,86.54
Northwest Territories,2022-11-01,11.7,3107.325,174.1,228.9,24574,-11.7,23,80.48
Northwest Territories,2022-12-01,11.7,2693.015,158.7,193.9,24578,-19.6,16,80.16
Northwest Territories,2023-01-01,11.7,2409.68,158,203.6,24567,-21.7,15,78.95
Northwest Territories,2023-02-01,11.7,2409.68,160.7,203.8,24556,-18.6,10,76.88
Northwest Territories,2023-03-01,11.7,2965.76,162.3,202,24544,-11.4,14,75.68
Northwest Territories,2023-04-01,14.31,3151.12,166.9,219.5,24533,-2.7,14,76.78
Northwest Territories,2023-05-01,14.31,3336.48,166,203.7,24522,4.4,21,68.11
Northwest Territories,2023-06-01,14.31,3521.84,166.9,206,24511,11.4,27,70.66
Northwest Territories,2023-07-01,14.31,3707.2,166.8,234.9,24500,15.7,39,81.8
Northwest Territories,2023-08-01,14.31,3707.2,167.2,248.7,24489,13.5,51,83.55
Northwest Territories,2023-09-01,14.31,3521.84,167.2,245.3,24477,6.6,44,90.77
Northwest Territories,2023-10-01,14.31,3151.12,168,224.1,24466,-1.3,31,81.64
Northwest Territories,2023-11-01,14.31,2780.4,168.7,217.6,24455,-11.7,23,75.66
Northwest Territories,2023-12-01,14.31,2409.68,163.4,207.8,24444,-19.6,16,71.89
Northwest Territories,2024-01-01,14.31,2523.3,157.4,208.1,24468,-21.7,15,76.28
Northwest Territories,2024-02-01,14.31,2523.3,157,216.3,24492,-18.6,10,79.22
Northwest Territories,2024-03-01,14.31,3105.6,157.7,222.1,24516,-11.4,14,83.96
Northwest Territories,2024-04-01,17.61,3299.7,161.6,238.9,24540,-2.7,14,83.49
Northwest Territories,2024-05-01,17.61,3493.8,162.8,241.7,24564,4.4,21,77.97
Northwest Territories,2024-06-01,17.61,3687.9,162.9,230.5,24588,11.4,27,81.54
Northwest Territories,2024-07-01,17.61,3882,164.6,234.5,24612,15.7,39,75.27
Northwest Territories,2024-08-01,17.61,3882,162.9,225.4,24636,13.5,51,73.55
Northwest Territories,2024-09-01,17.61,3687.9,162.7,207.9,24660,6.6,44,68.17
Northwest Territories,2024-10-01,17.61,3299.7,162.2,208,24685,-1.3,31,70.62
Northwest Territories,2024-11-01,17.61,2911.5,162.9,210.5,24709,-11.7,23,68
Northwest Territories,2024-12-01,17.61,2523.3,162.1,207.8,24733,-19.6,16,71.72
Northwest Territories,2025-01-01,17.61,2573.74,162.6,219.4,24739,-21.7,15,72.53
Northwest Territories,2025-02-01,17.61,2573.74,162.4,219.4,24744,-18.6,10,70.13
Northwest Territories,2025-03-01,17.61,3167.68,162.7,212.7,24750,-11.4,14,69.37
Northwest Territories,2025-04-01,0,3365.66,144.7,188.6,24755,-2.7,14,58.35
Northwest Territories,2025-05-01,0,3563.64,142.3,191.1,24761,4.4,21,60.79
Northwest Territories,2025-06-01,0,3761.62,143.7,190.4,24766,11.4,27,64.79
Northwest Territories,2025-07-01,0,3959.6,144.6,192.3,24772,15.7,39,70.31
Northwest Territories,2025-08-01,0,3959.6,145.5,196.2,24778,13.5,51,64.21
Northwest Territories,2025-09-01,0,3761.62,145.9,198.2,24783,6.6,44,63.17
Nova Scotia,2017-01-01,0,81380,111.8,163.9,590741,-3.4,116,52.75
Nova Scotia,2017-02-01,0,81380,104.4,156.6,592198,-3.5,105,54
Nova Scotia,2017-03-01,0,100160,103.2,151.8,593658,-0.5,111,50.54
Nova Scotia,2017-04-01,0,106420,112.1,168.9,595122,4.1,96,49.31
Nova Scotia,2017-05-01,0,112680,106.4,163.9,596590,8.9,87,48.29
Nova Scotia,2017-06-01,0,118940,103.2,156.8,598061,13.8,101,46.02
Nova Scotia,2017-07-01,0,125200,102.8,158.8,599536,18.2,94,50.21
Nova Scotia,2017-08-01,0,125200,106.5,161.3,601015,18.9,94,47.26
Nova Scotia,2017-09-01,0,118940,115.7,172.8,602497,16.4,100,51.67
Nova Scotia,2017-10-01,0,106420,106.7,167.2,603983,11.2,131,54.36
Nova Scotia,2017-11-01,0,93900,115.9,177.8,605473,5.8,132,57.4
Nova Scotia,2017-12-01,0,81380,111.8,175.7,606966,0.4,141,60.46
Nova Scotia,2018-01-01,0,83310.63,115.2,180.8,607907,-3.4,116,64.82
Nova Scotia,2018-02-01,0,83310.63,114.1,178.6,608850,-3.5,105,61.43
Nova Scotia,2018-03-01,0,102536.16,114,182.5,609795,-0.5,111,64.87
Nova Scotia,2018-04-01,0,108944.67,124.2,194.2,610740,4.1,96,68.56
Nova Scotia,2018-05-01,0,115353.18,130.4,198.8,611688,8.9,87,66.98
Nova Scotia,2018-06-01,0,121761.69,125.5,193.7,612637,13.8,101,74.13
Nova Scotia,2018-07-01,0,128170.2,126.2,194.8,613587,18.2,94,69.88
Nova Scotia,2018-08-01,0,128170.2,124,192,614538,18.9,94,69.84
Nova Scotia,2018-09-01,0,121761.69,123.5,186.6,615492,16.4,100,73.16
Nova Scotia,2018-10-01,0,108944.67,122.6,179.2,616446,11.2,131,65.31
Nova Scotia,2018-11-01,0,96127.65,108,161.8,617402,5.8,132,50.78
Nova Scotia,2018-12-01,0,83310.63,99.9,152,618360,0.4,141,45.15
Nova Scotia,2019-01-01,0,82729.27,99,146.8,618809,-3.4,116,53.84
Nova Scotia,2019-02-01,0,82729.27,103.2,146.3,619257,-3.5,105,57.21
Nova Scotia,2019-03-01,0,101820.64,116.6,166.2,619707,-0.5,111,60.19
Nova Scotia,2019-04-01,4.42,108184.43,127.6,184,620156,4.1,96,63.83
Nova Scotia,2019-05-01,4.42,114548.22,125.8,186.9,620606,8.9,87,53.49
Nova Scotia,2019-06-01,4.42,120912.01,110.9,174.6,621056,13.8,101,58.2
Nova Scotia,2019-07-01,4.42,127275.8,119.9,183.5,621507,18.2,94,58.53
Nova Scotia,2019-08-01,4.42,127275.8,114.2,173.6,621957,18.9,94,55.07
Nova Scotia,2019-09-01,4.42,120912.01,112.5,170.8,622409,16.4,100,54.09
Nova Scotia,2019-10-01,4.42,108184.43,112.9,170.8,622860,11.2,131,54.02
Nova Scotia,2019-11-01,4.42,95456.85,113.7,169.7,623312,5.8,132,58.12
Nova Scotia,2019-12-01,4.42,82729.27,112.3,169,623764,0.4,141,61.14
Nova Scotia,2020-01-01,4.42,72204.665,112.4,167.6,622326,-3.4,116,51.58
Nova Scotia,2020-02-01,4.42,72204.665,107.5,162.1,620891,-3.5,105,44.83
Nova Scotia,2020-03-01,4.42,88867.28,85.4,127.6,619460,-0.5,111,20.51
Nova Scotia,2020-04-01,6.63,94421.485,67.9,116.4,618032,4.1,96,19.23
Nova Scotia,2020-05-01,6.63,99975.69,78.2,134,616607,8.9,87,35.57
Nova Scotia,2020-06-01,6.63,105529.895,89.8,146.9,615186,13.8,101,39.27
Nova Scotia,2020-07-01,6.63,111084.1,96.1,153.3,613768,18.2,94,40.1
Nova Scotia,2020-08-01,6.63,111084.1,94.7,152.6,612353,18.9,94,42.61
Nova Scotia,2020-09-01,6.63,105529.895,94.2,149.7,610941,16.4,100,40.05
Nova Scotia,2020-10-01,6.63,94421.485,94.1,148.2,609533,11.2,131,35.64
Nova Scotia,2020-11-01,6.63,83313.075,91,145.9,608128,5.8,132,45.2
Nova Scotia,2020-12-01,6.63,72204.665,96.5,152.2,606726,0.4,141,48.35
Nova Scotia,2021-01-01,6.63,78526.5,107.5,162.5,608749,-3.4,116,52.16
Nova Scotia,2021-02-01,6.63,78526.5,115.4,172.9,610779,-3.5,105,61.55
Nova Scotia,2021-03-01,6.63,96648,125,181.4,612816,-0.5,111,59.19
Nova Scotia,2021-04-01,8.84,102688.5,125.1,184.4,614859,4.1,96,63.5
Nova Scotia,2021-05-01,8.84,108729,127.6,190.4,616909,8.9,87,66.31
Nova Scotia,2021-06-01,8.84,114769.5,129.2,193.8,618967,13.8,101,73.52
Nova Scotia,2021-07-01,8.84,120810,135.4,199,621030,18.2,94,73.93
Nova Scotia,2021-08-01,8.84,120810,134.1,200.4,623101,18.9,94,68.43
Nova Scotia,2021-09-01,8.84,114769.5,135.1,201.3,625179,16.4,100,75.22
Nova Scotia,2021-10-01,8.84,102688.5,142.4,211.9,627264,11.2,131,83.5
Nova Scotia,2021-11-01,8.84,90607.5,140.8,210.5,629355,5.8,132,66.14
Nova Scotia,2021-12-01,8.84,78526.5,130.7,201,631454,0.4,141,75.33
Nova Scotia,2022-01-01,8.84,80355.08,141.4,212.8,632652,-3.4,116,89.16
Nova Scotia,2022-02-01,8.84,80355.08,153.8,229.6,633852,-3.5,105,96.13
Nova Scotia,2022-03-01,8.84,98898.56,171.1,252.9,635054,-0.5,111,100.53
Nova Scotia,2022-04-01,11.05,105079.72,169.1,254.5,636258,4.1,96,104.59
Nova Scotia,2022-05-01,11.05,111260.88,195.8,288.4,637465,8.9,87,114.38
Nova Scotia,2022-06-01,11.05,117442.04,208.1,300,638674,13.8,101,107.76
Nova Scotia,2022-07-01,11.05,123623.2,187.1,263.5,639886,18.2,94,101.31
Nova Scotia,2022-08-01,11.05,123623.2,170.2,241.5,641099,18.9,94,90.09
Nova Scotia,2022-09-01,11.05,117442.04,153.5,217.6,642315,16.4,100,79.91
Nova Scotia,2022-10-01,11.05,105079.72,167.2,240,643534,11.2,131,86.54
Nova Scotia,2022-11-01,11.05,92717.4,170.2,235.8,644754,5.8,132,80.48
Nova Scotia,2022-12-01,11.05,80355.08,144,205.5,645977,0.4,141,80.16
Nova Scotia,2023-01-01,11.05,90977.965,151.3,216.6,646067,-3.4,116,78.95
Nova Scotia,2023-02-01,11.05,90977.965,151.4,211.7,646157,-3.5,105,76.88
Nova Scotia,2023-03-01,11.05,111972.88,150.1,213.1,646247,-0.5,111,75.68
Nova Scotia,2023-04-01,14.31,118971.185,163.2,228.5,646336,4.1,96,76.78
Nova Scotia,2023-05-01,14.31,125969.49,151.4,227.2,646426,8.9,87,68.11
Nova Scotia,2023-06-01,14.31,132967.795,153.1,231.6,646516,13.8,101,70.66
Nova Scotia,2023-07-01,14.31,139966.1,174.7,236.1,646606,18.2,94,81.8
Nova Scotia,2023-08-01,14.31,139966.1,185,246.6,646696,18.9,94,83.55
Nova Scotia,2023-09-01,14.31,132967.795,182.2,241.3,646786,16.4,100,90.77
Nova Scotia,2023-10-01,14.31,118971.185,166.3,223.2,646876,11.2,131,81.64
Nova Scotia,2023-11-01,14.31,104974.575,161.6,217.3,646966,5.8,132,75.66
Nova Scotia,2023-12-01,14.31,90977.965,154.3,209.5,647056,0.4,141,71.89
Nova Scotia,2024-01-01,14.31,86610.225,154.5,209.9,647818,-3.4,116,76.28
Nova Scotia,2024-02-01,14.31,86610.225,160.6,216.7,648582,-3.5,105,79.22
Nova Scotia,2024-03-01,14.31,106597.2,164.9,224.6,649346,-0.5,111,83.96
Nova Scotia,2024-04-01,17.61,113259.525,177.4,244.2,650111,4.1,96,83.49
Nova Scotia,2024-05-01,17.61,119921.85,179.5,241.2,650877,8.9,87,77.97
Nova Scotia,2024-06-01,17.61,126584.175,171.1,236.1,651644,13.8,101,81.54
Nova Scotia,2024-07-01,17.61,133246.5,174.2,242.8,652412,18.2,94,75.27
Nova Scotia,2024-08-01,17.61,133246.5,167.5,234.4,653180,18.9,94,73.55
Nova Scotia,2024-09-01,17.61,126584.175,154.4,217,653950,16.4,100,68.17
Nova Scotia,2024-10-01,17.61,113259.525,154.5,220.8,654720,11.2,131,70.62
Nova Scotia,2024-11-01,17.61,99934.875,156.4,221.8,655492,5.8,132,68
Nova Scotia,2024-12-01,17.61,86610.225,154.4,220.9,656264,0.4,141,71.72
Nova Scotia,2025-01-01,17.61,88342.475,163.1,226.9,656988,-3.4,116,72.53
Nova Scotia,2025-02-01,17.61,88342.475,163.1,226.1,657712,-3.5,105,70.13
Nova Scotia,2025-03-01,17.61,108729.2,158,223.2,658437,-0.5,111,69.37
Nova Scotia,2025-04-01,0,115524.775,140.1,193,659163,4.1,96,58.35
Nova Scotia,2025-05-01,0,122320.35,141.9,198,659890,8.9,87,60.79
Nova Scotia,2025-06-01,0,129115.925,141.4,197.6,660618,13.8,101,64.79
Nova Scotia,2025-07-01,0,135911.5,142.8,196.4,661346,18.2,94,70.31
Nova Scotia,2025-08-01,0,135911.5,145.8,197.5,662075,18.9,94,64.21
Nova Scotia,2025-09-01,0,129115.925,147.3,202.1,662805,16.4,100,63.17
Ontario,2017-01-01,0,1085867.25,113.1666667,167.9,7961235,-4.4,64,52.75
Ontario,2017-02-01,0,1085867.25,108.2333333,157.9,7980869,-4.4,54,54
Ontario,2017-03-01,0,1336452,105.3,156,8000552,-0.3,59,50.54
Ontario,2017-04-01,0,1419980.25,116.8666667,163.8,8020284,5.8,80,49.31
Ontario,2017-05-01,0,1503508.5,113.9,159.1,8040064,12.3,76,48.29
Ontario,2017-06-01,0,1587036.75,109.2,158,8059893,18.2,81,46.02
Ontario,2017-07-01,0,1670565,108.7666667,152.6,8079771,21.9,74,50.21
Ontario,2017-08-01,0,1670565,109.8666667,159.1,8099698,21.5,69,47.26
Ontario,2017-09-01,0,1587036.75,120.1333333,170.9,8119674,18.2,73,51.67
Ontario,2017-10-01,0,1419980.25,116.5333333,160.6,8139699,11.4,78,54.36
Ontario,2017-11-01,0,1252923.75,125.5,172.1,8159774,5,69,57.4
Ontario,2017-12-01,0,1085867.25,122.8666667,166,8179898,-0.6,68,60.46
Ontario,2018-01-01,0,1097766.02,124.2666667,171.6,8192442,-4.4,64,64.82
Ontario,2018-02-01,0,1097766.02,121.9666667,171.9,8205006,-4.4,54,61.43
Ontario,2018-03-01,0,1351096.64,125.1666667,174,8217589,-0.3,59,64.87
Ontario,2018-04-01,0,1435540.18,134.2333333,183.8,8230191,5.8,80,68.56
Ontario,2018-05-01,0,1519983.72,138.6333333,195.3,8242813,12.3,76,66.98
Ontario,2018-06-01,0,1604427.26,134.4666667,193.4,8255454,18.2,81,74.13
Ontario,2018-07-01,0,1688870.8,136.5333333,191.8,8268114,21.9,74,69.88
Ontario,2018-08-01,0,1688870.8,135.4333333,188.8,8280794,21.5,69,69.84
Ontario,2018-09-01,0,1604427.26,132.4333333,188.2,8293493,18.2,73,73.16
Ontario,2018-10-01,0,1435540.18,128.1333333,185.3,8306211,11.4,78,65.31
Ontario,2018-11-01,0,1266653.1,117.6,166.1,8318949,5,69,50.78
Ontario,2018-12-01,0,1097766.02,109.9,154.1,8331707,-0.6,68,45.15
Ontario,2019-01-01,0,1094790.515,105.7,145.9,8342753,-4.4,64,53.84
Ontario,2019-02-01,0,1094790.515,104.9666667,148.6,8353813,-4.4,54,57.21
Ontario,2019-03-01,0,1347434.48,116.8666667,166,8364888,-0.3,59,60.19
Ontario,2019-04-01,4.42,1431649.135,130.9,187.2,8375978,5.8,80,63.83
Ontario,2019-05-01,4.42,1515863.79,133.6,191.5,8387082,12.3,76,53.49
Ontario,2019-06-01,4.42,1600078.445,125.9666667,172.9,8398202,18.2,81,58.2
Ontario,2019-07-01,4.42,1684293.1,128.8666667,183.2,8409336,21.9,74,58.53
Ontario,2019-08-01,4.42,1684293.1,123.3333333,173.7,8420484,21.5,69,55.07
Ontario,2019-09-01,4.42,1600078.445,121.4333333,171.7,8431648,18.2,73,54.09
Ontario,2019-10-01,4.42,1431649.135,120.9333333,170.4,8442826,11.4,78,54.02
Ontario,2019-11-01,4.42,1263219.825,119.5333333,170.3,8454019,5,69,58.12
Ontario,2019-12-01,4.42,1094790.515,119,169.2,8465227,-0.6,68,61.14
Ontario,2020-01-01,4.42,903245.655,117.9333333,169.1,8487360,-4.4,64,51.58
Ontario,2020-02-01,4.42,903245.655,115.1333333,165.2,8509551,-4.4,54,44.83
Ontario,2020-03-01,4.42,1111686.96,93.76666667,134.4,8531800,-0.3,59,20.51
Ontario,2020-04-01,6.63,1181167.395,80.76666667,109.7,8554108,5.8,80,19.23
Ontario,2020-05-01,6.63,1250647.83,94,123.1,8576473,12.3,76,35.57
Ontario,2020-06-01,6.63,1320128.265,103.7,141.2,8598897,18.2,81,39.27
Ontario,2020-07-01,6.63,1389608.7,108.5666667,148.5,8621380,21.9,74,40.1
Ontario,2020-08-01,6.63,1389608.7,107.8,148.2,8643921,21.5,69,42.61
Ontario,2020-09-01,6.63,1320128.265,106.4333333,147.1,8666522,18.2,73,40.05
Ontario,2020-10-01,6.63,1181167.395,105.6,148.3,8689181,11.4,78,35.64
Ontario,2020-11-01,6.63,1042206.525,103.7666667,142.7,8711900,5,69,45.2
Ontario,2020-12-01,6.63,903245.655,107.1333333,151.1,8734678,-0.6,68,48.35
Ontario,2021-01-01,6.63,906356.295,114.4,162.4,8742140,-4.4,64,52.16
Ontario,2021-02-01,6.63,906356.295,120.3666667,171.6,8749609,-4.4,54,61.55
Ontario,2021-03-01,6.63,1115515.44,126.6,186.6,8757083,-0.3,59,59.19
Ontario,2021-04-01,8.84,1185235.155,129.9333333,187.8,8764565,5.8,80,63.5
Ontario,2021-05-01,8.84,1254954.87,132.8666667,192.7,8772052,12.3,76,66.31
Ontario,2021-06-01,8.84,1324674.585,134.6333333,194.8,8779546,18.2,81,73.52
Ontario,2021-07-01,8.84,1394394.3,139.1,204,8787047,21.9,74,73.93
Ontario,2021-08-01,8.84,1394394.3,139.8666667,203.4,8794554,21.5,69,68.43
Ontario,2021-09-01,8.84,1324674.585,140.3333333,204.6,8802067,18.2,73,75.22
Ontario,2021-10-01,8.84,1185235.155,147.5,214,8809586,11.4,78,83.5
Ontario,2021-11-01,8.84,1045795.725,146.9,213.4,8817112,5,69,66.14
Ontario,2021-12-01,8.84,906356.295,139.1666667,200.3,8824645,-0.6,68,75.33
Ontario,2022-01-01,8.84,1011010.13,146.7666667,213.4,8772012,-4.4,64,89.16
Ontario,2022-02-01,8.84,1011010.13,157,230.2,8719693,-4.4,54,96.13
Ontario,2022-03-01,8.84,1244320.16,177.3,256.3,8667685,-0.3,59,100.53
Ontario,2022-04-01,11.05,1322090.17,178.8333333,254.2,8615988,5.8,80,104.59
Ontario,2022-05-01,11.05,1399860.18,197.3333333,303.9,8564600,12.3,76,114.38
Ontario,2022-06-01,11.05,1477630.19,208.6666667,318.3,8513517,18.2,81,107.76
Ontario,2022-07-01,11.05,1555400.2,182.2,290.6,8462740,21.9,74,101.31
Ontario,2022-08-01,11.05,1555400.2,165.1333333,267.6,8412265,21.5,69,90.09
Ontario,2022-09-01,11.05,1477630.19,154.1,243.4,8362091,18.2,73,79.91
Ontario,2022-10-01,11.05,1322090.17,171.3333333,263.3,8312217,11.4,78,86.54
Ontario,2022-11-01,11.05,1166550.15,160.7333333,263.1,8262640,5,69,80.48
Ontario,2022-12-01,11.05,1011010.13,140.4666667,224.9,8213359,-0.6,68,80.16
Ontario,2023-01-01,11.05,1031397.38,149.2333333,240.6,8184227,-4.4,64,78.95
Ontario,2023-02-01,11.05,1031397.38,147.4333333,241.9,8155199,-4.4,54,76.88
Ontario,2023-03-01,11.05,1269412.16,151.4,239,8126273,-0.3,59,75.68
Ontario,2023-04-01,14.31,1348750.42,160.0333333,250.4,8097451,5.8,80,76.78
Ontario,2023-05-01,14.31,1428088.68,158.2333333,239.7,8068730,12.3,76,68.11
Ontario,2023-06-01,14.31,1507426.94,161.6,243,8040111,18.2,81,70.66
Ontario,2023-07-01,14.31,1586765.2,162.1,258.3,8011594,21.9,74,81.8
Ontario,2023-08-01,14.31,1586765.2,169.4333333,275.5,7983178,21.5,69,83.55
Ontario,2023-09-01,14.31,1507426.94,166.2333333,274.7,7954863,18.2,73,90.77
Ontario,2023-10-01,14.31,1348750.42,153.2,246.4,7926648,11.4,78,81.64
Ontario,2023-11-01,14.31,1190073.9,150.1666667,239.9,7898533,5,69,75.66
Ontario,2023-12-01,14.31,1031397.38,141.5333333,235,7870518,-0.6,68,71.89
Ontario,2024-01-01,14.31,1066373.815,141.6333333,233.1,7922896,-4.4,64,76.28
Ontario,2024-02-01,14.31,1066373.815,148.9,241.6,7975623,-4.4,54,79.22
Ontario,2024-03-01,14.31,1312460.08,156.5,245.4,8028701,-0.3,59,83.96
Ontario,2024-04-01,17.61,1394488.835,168,260.1,8082132,5.8,80,83.49
Ontario,2024-05-01,17.61,1476517.59,166.1333333,265,8135918,12.3,76,77.97
Ontario,2024-06-01,17.61,1558546.345,161.2666667,255.8,8190063,18.2,81,81.54
Ontario,2024-07-01,17.61,1640575.1,166.8333333,263.2,8244568,21.9,74,75.27
Ontario,2024-08-01,17.61,1640575.1,164.7333333,255.9,8299435,21.5,69,73.55
Ontario,2024-09-01,17.61,1558546.345,151.4666667,237.1,8354668,18.2,73,68.17
Ontario,2024-10-01,17.61,1394488.835,152.5666667,241.3,8410268,11.4,78,70.62
Ontario,2024-11-01,17.61,1230431.325,152.5333333,243.5,8466238,5,69,68
Ontario,2024-12-01,17.61,1066373.815,152.0333333,238.6,8522581,-0.6,68,71.72
Ontario,2025-01-01,17.61,1087701.29,155.9,254.4,8529006,-4.4,64,72.53
Ontario,2025-02-01,17.61,1087701.29,155.3333333,254.9,8535436,-4.4,54,70.13
Ontario,2025-03-01,17.61,1338709.28,153.9666667,243.1,8541870,-0.3,59,69.37
Ontario,2025-04-01,0,1422378.61,133.6333333,218.7,8548310,5.8,80,58.35
Ontario,2025-05-01,0,1506047.94,136.2666667,221.1,8554754,12.3,76,60.79
Ontario,2025-06-01,0,1589717.27,135.3333333,220.5,8561203,18.2,81,64.79
Ontario,2025-07-01,0,1673386.6,134.5333333,220,8567657,21.9,74,70.31
Ontario,2025-08-01,0,1673386.6,136.5333333,223.6,8574116,21.5,69,64.21
Ontario,2025-09-01,0,1589717.27,137.0333333,227.5,8580580,18.2,73,63.17
Prince Edward Island,2017-01-01,0,14075.88,112.9,143,102550,-7.7,119,52.75
Prince Edward Island,2017-02-01,0,14075.88,105.8,131.8,102803,-7.1,111,54
Prince Edward Island,2017-03-01,0,17324.16,104.6,130.7,103057,-2.2,109,50.54
Prince Edward Island,2017-04-01,0,18406.92,110.3,142.6,103311,2.8,113,49.31
Prince Edward Island,2017-05-01,0,19489.68,106.8,134.1,103566,8.1,86,48.29
Prince Edward Island,2017-06-01,0,20572.44,105.8,130.5,103821,12.9,82,46.02
Prince Edward Island,2017-07-01,0,21655.2,102.4,132,104077,17.6,90,50.21
Prince Edward Island,2017-08-01,0,21655.2,106.9,134.7,104334,17.9,89,47.26
Prince Edward Island,2017-09-01,0,20572.44,114.8,140,104591,14.3,98,51.67
Prince Edward Island,2017-10-01,0,18406.92,107.9,138.5,104849,8.4,112,54.36
Prince Edward Island,2017-11-01,0,16241.4,115.6,153.9,105108,2.3,118,57.4
Prince Edward Island,2017-12-01,0,14075.88,111.5,146.1,105367,-3.3,115,60.46
Prince Edward Island,2018-01-01,0,14336.985,115.3,150,103379,-7.7,119,64.82
Prince Edward Island,2018-02-01,0,14336.985,115.5,145.8,103634,-7.1,111,61.43
Prince Edward Island,2018-03-01,0,17645.52,116.9,152.2,103889,-2.2,109,64.87
Prince Edward Island,2018-04-01,0,18748.365,123.5,164.2,104145,2.8,113,68.56
Prince Edward Island,2018-05-01,0,19851.21,131.3,172.7,104402,8.1,86,66.98
Prince Edward Island,2018-06-01,0,20954.055,130,172.1,104660,12.9,82,74.13
Prince Edward Island,2018-07-01,0,22056.9,128.9,175.1,104918,17.6,90,69.88
Prince Edward Island,2018-08-01,0,22056.9,126.9,171.6,105177,17.9,89,69.84
Prince Edward Island,2018-09-01,0,20954.055,126.5,170.1,105436,14.3,98,73.16
Prince Edward Island,2018-10-01,0,18748.365,124.5,169.9,105696,8.4,112,65.31
Prince Edward Island,2018-11-01,0,16542.675,111.6,157.4,105957,2.3,118,50.78
Prince Edward Island,2018-12-01,0,14336.985,103.5,140.3,106218,-3.3,115,45.15
Prince Edward Island,2019-01-01,0,14697.8,98,132.4,100266,-7.7,119,53.84
Prince Edward Island,2019-02-01,0,14697.8,99.8,142,100513,-7.1,111,57.21
Prince Edward Island,2019-03-01,0,18089.6,111.5,155,100761,-2.2,109,60.19
Prince Edward Island,2019-04-01,4.42,19220.2,125.8,177.3,101010,2.8,113,63.83
Prince Edward Island,2019-05-01,4.42,20350.8,128.7,176.2,101259,8.1,86,53.49
Prince Edward Island,2019-06-01,4.42,21481.4,116.2,163.2,101509,12.9,82,58.2
Prince Edward Island,2019-07-01,4.42,22612,123.1,163,101759,17.6,90,58.53
Prince Edward Island,2019-08-01,4.42,22612,116.7,154.7,102010,17.9,89,55.07
Prince Edward Island,2019-09-01,4.42,21481.4,115.4,151.9,102262,14.3,98,54.09
Prince Edward Island,2019-10-01,4.42,19220.2,114.5,154.2,102514,8.4,112,54.02
Prince Edward Island,2019-11-01,4.42,16959,114.4,147.2,102767,2.3,118,58.12
Prince Edward Island,2019-12-01,4.42,14697.8,113.7,150.6,103020,-3.3,115,61.14
Prince Edward Island,2020-01-01,4.42,13122.98,113.6,153.3,98356,-7.7,119,51.58
Prince Edward Island,2020-02-01,4.42,13122.98,111,148.6,98598,-7.1,111,44.83
Prince Edward Island,2020-03-01,4.42,16151.36,90.2,122.8,98841,-2.2,109,20.51
Prince Edward Island,2020-04-01,6.63,17160.82,73.6,97.5,99085,2.8,113,19.23
Prince Edward Island,2020-05-01,6.63,18170.28,82.6,121.2,99329,8.1,86,35.57
Prince Edward Island,2020-06-01,6.63,19179.74,94.8,135.1,99574,12.9,82,39.27
Prince Edward Island,2020-07-01,6.63,20189.2,99.7,143.8,99820,17.6,90,40.1
Prince Edward Island,2020-08-01,6.63,20189.2,99.5,142.5,100066,17.9,89,42.61
Prince Edward Island,2020-09-01,6.63,19179.74,98.8,144.6,100313,14.3,98,40.05
Prince Edward Island,2020-10-01,6.63,17160.82,99.6,140.8,100560,8.4,112,35.64
Prince Edward Island,2020-11-01,6.63,15141.9,95.8,138,100808,2.3,118,45.2
Prince Edward Island,2020-12-01,6.63,13122.98,101.5,140.1,101057,-3.3,115,48.35
Prince Edward Island,2021-01-01,6.63,14017.51,109.1,145.2,106925,-7.7,119,52.16
Prince Edward Island,2021-02-01,6.63,14017.51,115.3,154.5,107189,-7.1,111,61.55
Prince Edward Island,2021-03-01,6.63,17252.32,125.4,167.6,107453,-2.2,109,59.19
Prince Edward Island,2021-04-01,8.84,18330.59,126.2,177.4,107718,2.8,113,63.5
Prince Edward Island,2021-05-01,8.84,19408.86,129.5,176.8,107984,8.1,86,66.31
Prince Edward Island,2021-06-01,8.84,20487.13,130.9,177.7,108250,12.9,82,73.52
Prince Edward Island,2021-07-01,8.84,21565.4,137.1,184.1,108517,17.6,90,73.93
Prince Edward Island,2021-08-01,8.84,21565.4,136.7,184.2,108785,17.9,89,68.43
Prince Edward Island,2021-09-01,8.84,20487.13,137.5,184.4,109053,14.3,98,75.22
Prince Edward Island,2021-10-01,8.84,18330.59,143.9,197.4,109322,8.4,112,83.5
Prince Edward Island,2021-11-01,8.84,16174.05,143.5,200,109592,2.3,118,66.14
Prince Edward Island,2021-12-01,8.84,14017.51,134.6,183.3,109862,-3.3,115,75.33
Prince Edward Island,2022-01-01,8.84,13957.58,143.5,190.5,103851,-7.7,119,89.16
Prince Edward Island,2022-02-01,8.84,13957.58,154.8,203.5,104107,-7.1,111,96.13
Prince Edward Island,2022-03-01,8.84,17178.56,172.4,234.4,104364,-2.2,109,100.53
Prince Edward Island,2022-04-01,11.05,18252.22,171,233,104621,2.8,113,104.59
Prince Edward Island,2022-05-01,11.05,19325.88,204.5,252,104879,8.1,86,114.38
Prince Edward Island,2022-06-01,11.05,20399.54,214.2,282.3,105138,12.9,82,107.76
Prince Edward Island,2022-07-01,11.05,21473.2,195.5,262.9,105397,17.6,90,101.31
Prince Edward Island,2022-08-01,11.05,21473.2,180,218.3,105657,17.9,89,90.09
Prince Edward Island,2022-09-01,11.05,20399.54,163.7,218.2,105917,14.3,98,79.91
Prince Edward Island,2022-10-01,11.05,18252.22,177.1,246.8,106179,8.4,112,86.54
Prince Edward Island,2022-11-01,11.05,16104.9,177,222,106440,2.3,118,80.48
Prince Edward Island,2022-12-01,11.05,13957.58,151.2,196.2,106703,-3.3,115,80.16
Prince Edward Island,2023-01-01,11.05,14083.745,161.8,205,105193,-7.7,119,78.95
Prince Edward Island,2023-02-01,11.05,14083.745,162.7,203.8,105452,-7.1,111,76.88
Prince Edward Island,2023-03-01,11.05,17333.84,160.7,213.2,105712,-2.2,109,75.68
Prince Edward Island,2023-04-01,14.31,18417.205,168.4,221.7,105973,2.8,113,76.78
Prince Edward Island,2023-05-01,14.31,19500.57,161.2,219.6,106234,8.1,86,68.11
Prince Edward Island,2023-06-01,14.31,20583.935,163.4,219.8,106496,12.9,82,70.66
Prince Edward Island,2023-07-01,14.31,21667.3,173.7,215.4,106759,17.6,90,81.8
Prince Edward Island,2023-08-01,14.31,21667.3,185.3,223.3,107022,17.9,89,83.55
Prince Edward Island,2023-09-01,14.31,20583.935,184.8,222,107286,14.3,98,90.77
Prince Edward Island,2023-10-01,14.31,18417.205,165.7,214.2,107551,8.4,112,81.64
Prince Edward Island,2023-11-01,14.31,16250.475,161.3,203.1,107816,2.3,118,75.66
Prince Edward Island,2023-12-01,14.31,14083.745,158,187.9,108082,-3.3,115,71.89
Prince Edward Island,2024-01-01,14.31,13437.19,156.6,183.2,107148,-7.7,119,76.28
Prince Edward Island,2024-02-01,14.31,13437.19,162.4,194,107412,-7.1,111,79.22
Prince Edward Island,2024-03-01,14.31,16538.08,164.9,210.5,107677,-2.2,109,83.96
Prince Edward Island,2024-04-01,17.61,17571.71,174.8,219,107943,2.8,113,83.49
Prince Edward Island,2024-05-01,17.61,18605.34,178,215.4,108209,8.1,86,77.97
Prince Edward Island,2024-06-01,17.61,19638.97,171.8,213,108476,12.9,82,81.54
Prince Edward Island,2024-07-01,17.61,20672.6,176.8,222.1,108743,17.6,90,75.27
Prince Edward Island,2024-08-01,17.61,20672.6,171.9,228.2,109012,17.9,89,73.55
Prince Edward Island,2024-09-01,17.61,19638.97,159.2,208.6,109280,14.3,98,68.17
Prince Edward Island,2024-10-01,17.61,17571.71,162.1,205.2,109550,8.4,112,70.62
Prince Edward Island,2024-11-01,17.61,15504.45,163.6,202.4,109820,2.3,118,68
Prince Edward Island,2024-12-01,17.61,13437.19,160.3,202.6,110091,-3.3,115,71.72
Prince Edward Island,2025-01-01,17.61,13705.965,171,210.1,109006,-7.7,119,72.53
Prince Edward Island,2025-02-01,17.61,13705.965,171.3,217.1,109275,-7.1,111,70.13
Prince Edward Island,2025-03-01,17.61,16868.88,163.3,214.2,109544,-2.2,109,69.37
Prince Edward Island,2025-04-01,0,17923.185,146.9,190.5,109815,2.8,113,58.35
Prince Edward Island,2025-05-01,0,18977.49,148.5,188.5,110085,8.1,86,60.79
Prince Edward Island,2025-06-01,0,20031.795,148.1,187.1,110357,12.9,82,64.79
Prince Edward Island,2025-07-01,0,21086.1,147.8,185.4,110629,17.6,90,70.31
Prince Edward Island,2025-08-01,0,21086.1,150.2,190.3,110902,17.9,89,64.21
Prince Edward Island,2025-09-01,0,20031.795,152.8,193.3,111175,14.3,98,63.17
Saskatchewan,2017-01-01,0,112459.685,101.6,145.9,758021,-16.4,22,52.75
Saskatchewan,2017-02-01,0,112459.685,93.75,146.7,759891,-13.7,16,54
Saskatchewan,2017-03-01,0,138411.92,92.4,146.7,761765,-6.2,26,50.54
Saskatchewan,2017-04-01,0,147062.665,102.4,146.5,763643,4.6,39,49.31
Saskatchewan,2017-05-01,0,155713.41,95.8,144.1,765527,11.8,66,48.29
Saskatchewan,2017-06-01,0,164364.155,91.8,139.9,767415,16.4,101,46.02
Saskatchewan,2017-07-01,0,173014.9,93.35,136.8,769307,19.5,79,50.21
Saskatchewan,2017-08-01,0,173014.9,95.85,131.5,771205,18.4,63,47.26
Saskatchewan,2017-09-01,0,164364.155,99.7,140,773107,12.2,42,51.67
Saskatchewan,2017-10-01,0,147062.665,99.1,134.4,775014,5.1,36,54.36
Saskatchewan,2017-11-01,0,129761.175,109.45,150.8,776925,-4.8,25,57.4
Saskatchewan,2017-12-01,0,112459.685,103.9,147.8,778841,-13.1,22,60.46
Saskatchewan,2018-01-01,0,119043.99,106.65,144.2,779082,-16.4,22,64.82
Saskatchewan,2018-02-01,0,119043.99,103.5,144.2,779322,-13.7,16,61.43
Saskatchewan,2018-03-01,0,146515.68,108.75,144.2,779563,-6.2,26,64.87
Saskatchewan,2018-04-01,0,155672.91,117.25,155.4,779803,4.6,39,68.56
Saskatchewan,2018-05-01,0,164830.14,123.4,169,780044,11.8,66,66.98
Saskatchewan,2018-06-01,0,173987.37,122.35,172,780285,16.4,101,74.13
Saskatchewan,2018-07-01,0,183144.6,124.6,172,780526,19.5,79,69.88
Saskatchewan,2018-08-01,0,183144.6,122.15,172,780767,18.4,63,69.84
Saskatchewan,2018-09-01,0,173987.37,121.2,171,781008,12.2,42,73.16
Saskatchewan,2018-10-01,0,155672.91,121.25,171.8,781249,5.1,36,65.31
Saskatchewan,2018-11-01,0,137358.45,111.75,166.7,781491,-4.8,25,50.78
Saskatchewan,2018-12-01,0,119043.99,99.3,148.3,781732,-13.1,22,45.15
Saskatchewan,2019-01-01,0,114382.905,93.75,148.3,782230,-16.4,22,53.84
Saskatchewan,2019-02-01,0,114382.905,101.4,148.3,782729,-13.7,16,57.21
Saskatchewan,2019-03-01,0,140778.96,111.05,154.1,783228,-6.2,26,60.19
Saskatchewan,2019-04-01,4.42,149577.645,127.55,163.7,783727,4.6,39,63.83
Saskatchewan,2019-05-01,4.42,158376.33,126,163.5,784226,11.8,66,53.49
Saskatchewan,2019-06-01,4.42,167175.015,116.1,163.5,784726,16.4,101,58.2
Saskatchewan,2019-07-01,4.42,175973.7,116.65,169,785226,19.5,79,58.53
Saskatchewan,2019-08-01,4.42,175973.7,109.8,169.6,785727,18.4,63,55.07
Saskatchewan,2019-09-01,4.42,167175.015,108.2,169.5,786228,12.2,42,54.09
Saskatchewan,2019-10-01,4.42,149577.645,110.35,169.6,786729,5.1,36,54.02
Saskatchewan,2019-11-01,4.42,131980.275,105.15,169.6,787230,-4.8,25,58.12
Saskatchewan,2019-12-01,4.42,114382.905,107.85,169.4,787732,-13.1,22,61.14
Saskatchewan,2020-01-01,4.42,95519.385,109.9,169.6,787683,-16.4,22,51.58
Saskatchewan,2020-02-01,4.42,95519.385,106.1,169.1,787634,-13.7,16,44.83
Saskatchewan,2020-03-01,4.42,117562.32,86.8,149,787586,-6.2,26,20.51
Saskatchewan,2020-04-01,6.63,124909.965,68.65,120,787537,4.6,39,19.23
Saskatchewan,2020-05-01,6.63,132257.61,86.8,122.4,787488,11.8,66,35.57
Saskatchewan,2020-06-01,6.63,139605.255,96.6,137,787439,16.4,101,39.27
Saskatchewan,2020-07-01,6.63,146952.9,102.85,142.4,787391,19.5,79,40.1
Saskatchewan,2020-08-01,6.63,146952.9,101.55,142.4,787342,18.4,63,42.61
Saskatchewan,2020-09-01,6.63,139605.255,103.2,142.3,787293,12.2,42,40.05
Saskatchewan,2020-10-01,6.63,124909.965,99.9,142.4,787244,5.1,36,35.64
Saskatchewan,2020-11-01,6.63,110214.675,97.95,142.4,787196,-4.8,25,45.2
Saskatchewan,2020-12-01,6.63,95519.385,99.9,142.4,787147,-13.1,22,48.35
Saskatchewan,2021-01-01,6.63,108755.075,103.95,147.4,788355,-16.4,22,52.16
Saskatchewan,2021-02-01,6.63,108755.075,110.45,150.9,789565,-13.7,16,61.55
Saskatchewan,2021-03-01,6.63,133852.4,120.05,157.7,790776,-6.2,26,59.19
Saskatchewan,2021-04-01,8.84,142218.175,127.2,165.9,791990,4.6,39,63.5
Saskatchewan,2021-05-01,8.84,150583.95,126.15,168.1,793205,11.8,66,66.31
Saskatchewan,2021-06-01,8.84,158949.725,126.75,172,794422,16.4,101,73.52
Saskatchewan,2021-07-01,8.84,167315.5,131.55,176.7,795641,19.5,79,73.93
Saskatchewan,2021-08-01,8.84,167315.5,131.55,183.4,796862,18.4,63,68.43
Saskatchewan,2021-09-01,8.84,158949.725,131.75,184.8,798085,12.2,42,75.22
Saskatchewan,2021-10-01,8.84,142218.175,141.45,185,799310,5.1,36,83.5
Saskatchewan,2021-11-01,8.84,125486.625,143.2,185,800537,-4.8,25,66.14
Saskatchewan,2021-12-01,8.84,108755.075,130.25,185,801765,-13.1,22,75.33
Saskatchewan,2022-01-01,8.84,107248.31,136.35,186.5,800400,-16.4,22,89.16
Saskatchewan,2022-02-01,8.84,107248.31,145.8,195.1,799038,-13.7,16,96.13
Saskatchewan,2022-03-01,8.84,131997.92,168.35,209.9,797678,-6.2,26,100.53
Saskatchewan,2022-04-01,11.05,140247.79,167.25,216.8,796320,4.6,39,104.59
Saskatchewan,2022-05-01,11.05,148497.66,181.45,239.7,794965,11.8,66,114.38
Saskatchewan,2022-06-01,11.05,156747.53,203.35,257.3,793612,16.4,101,107.76
Saskatchewan,2022-07-01,11.05,164997.4,188.95,247.1,792261,19.5,79,101.31
Saskatchewan,2022-08-01,11.05,164997.4,155.9,221.2,790912,18.4,63,90.09
Saskatchewan,2022-09-01,11.05,156747.53,156.55,220.8,789566,12.2,42,79.91
Saskatchewan,2022-10-01,11.05,140247.79,177.55,237,788222,5.1,36,86.54
Saskatchewan,2022-11-01,11.05,123748.05,159.7,220.9,786880,-4.8,25,80.48
Saskatchewan,2022-12-01,11.05,107248.31,141.05,206.9,785541,-13.1,22,80.16
Saskatchewan,2023-01-01,11.05,108981.47,147.75,201.2,787155,-16.4,22,78.95
Saskatchewan,2023-02-01,11.05,108981.47,147.15,199,788773,-13.7,16,76.88
Saskatchewan,2023-03-01,11.05,134131.04,153.9,200.7,790393,-6.2,26,75.68
Saskatchewan,2023-04-01,14.31,142514.23,159.65,217.1,792017,4.6,39,76.78
Saskatchewan,2023-05-01,14.31,150897.42,158,218.1,793645,11.8,66,68.11
Saskatchewan,2023-06-01,14.31,159280.61,158.05,218.2,795276,16.4,101,70.66
Saskatchewan,2023-07-01,14.31,167663.8,154.85,218.2,796910,19.5,79,81.8
Saskatchewan,2023-08-01,14.31,167663.8,160.5,227.1,798547,18.4,63,83.55
Saskatchewan,2023-09-01,14.31,159280.61,159.75,229.7,800188,12.2,42,90.77
Saskatchewan,2023-10-01,14.31,142514.23,154.05,227.4,801832,5.1,36,81.64
Saskatchewan,2023-11-01,14.31,125747.85,146,225.3,803480,-4.8,25,75.66
Saskatchewan,2023-12-01,14.31,108981.47,134.75,212.8,805131,-13.1,22,71.89
Saskatchewan,2024-01-01,14.31,103659.465,131.5,201.7,806302,-16.4,22,76.28
Saskatchewan,2024-02-01,14.31,103659.465,139.3,201.7,807474,-13.7,16,79.22
Saskatchewan,2024-03-01,14.31,127580.88,151.25,210.4,808648,-6.2,26,83.96
Saskatchewan,2024-04-01,17.61,135554.685,157.2,224.3,809824,4.6,39,83.49
Saskatchewan,2024-05-01,17.61,143528.49,154.3,225.3,811001,11.8,66,77.97
Saskatchewan,2024-06-01,17.61,151502.295,152.5,225.3,812180,16.4,101,81.54
Saskatchewan,2024-07-01,17.61,159476.1,159.5,225.3,813361,19.5,79,75.27
Saskatchewan,2024-08-01,17.61,159476.1,163.75,225.3,814544,18.4,63,73.55
Saskatchewan,2024-09-01,17.61,151502.295,149.65,220,815728,12.2,42,68.17
Saskatchewan,2024-10-01,17.61,135554.685,147.15,219.4,816914,5.1,36,70.62
Saskatchewan,2024-11-01,17.61,119607.075,145.3,219.4,818102,-4.8,25,68
Saskatchewan,2024-12-01,17.61,103659.465,145.5,215.4,819291,-13.1,22,71.72
Saskatchewan,2025-01-01,17.61,105732.64,150.7,213.5,820589,-16.4,22,72.53
Saskatchewan,2025-02-01,17.61,105732.64,156,219.4,821888,-13.7,16,70.13
Saskatchewan,2025-03-01,17.61,130132.48,153.75,215.5,823190,-6.2,26,69.37
Saskatchewan,2025-04-01,0,138265.76,137.1,192.2,824494,4.6,39,58.35
Saskatchewan,2025-05-01,0,146399.04,135.35,192.2,825800,11.8,66,60.79
Saskatchewan,2025-06-01,0,154532.32,134.1,192.2,827108,16.4,101,64.79
Saskatchewan,2025-07-01,0,162665.6,132.9,192.2,828418,19.5,79,70.31
Saskatchewan,2025-08-01,0,162665.6,136.55,192.2,829730,18.4,63,64.21
Saskatchewan,2025-09-01,0,154532.32,138.85,192.2,831045,12.2,42,63.17
Yukon,2017-01-01,0,4685.005,119.1,139.5,33183,-17.6,32,52.75
Yukon,2017-02-01,0,4685.005,119.8,135.9,33264,-14.8,22,54
Yukon,2017-03-01,0,5766.16,119.8,135,33346,-9.9,21,50.54
Yukon,2017-04-01,0,6126.545,119.5,135.1,33429,-2,19,49.31
Yukon,2017-05-01,0,6486.93,117.4,134,33511,5.3,30,48.29
Yukon,2017-06-01,0,6847.315,113.7,133.7,33594,11.2,51,46.02
Yukon,2017-07-01,0,7207.7,111.3,130.9,33677,13.1,57,50.21
Yukon,2017-08-01,0,7207.7,110.7,131.1,33760,11.4,58,47.26
Yukon,2017-09-01,0,6847.315,117.9,131.4,33843,5.5,56,51.67
Yukon,2017-10-01,0,6126.545,113.1,130.8,33926,-0.8,48,54.36
Yukon,2017-11-01,0,5405.775,127,141,34010,-10.9,35,57.4
Yukon,2017-12-01,0,4685.005,124.5,140,34094,-16.5,34,60.46
Yukon,2018-01-01,0,4790.435,121.4,140.8,34190,-17.6,32,64.82
Yukon,2018-02-01,0,4790.435,121.4,140.5,34286,-14.8,22,61.43
Yukon,2018-03-01,0,5895.92,121.4,140.5,34382,-9.9,21,64.87
Yukon,2018-04-01,0,6264.415,130.9,147.3,34478,-2,19,68.56
Yukon,2018-05-01,0,6632.91,142.4,156.7,34575,5.3,30,66.98
Yukon,2018-06-01,0,7001.405,144.9,161.9,34672,11.2,51,74.13
Yukon,2018-07-01,0,7369.9,144.9,164.9,34769,13.1,57,69.88
Yukon,2018-08-01,0,7369.9,144.9,166.3,34867,11.4,58,69.84
Yukon,2018-09-01,0,7001.405,144.1,167.2,34965,5.5,56,73.16
Yukon,2018-10-01,0,6264.415,144.7,166.7,35063,-0.8,48,65.31
Yukon,2018-11-01,0,5527.425,140.4,160.4,35161,-10.9,35,50.78
Yukon,2018-12-01,0,4790.435,124.9,147.4,35260,-16.5,34,45.15
Yukon,2019-01-01,0,4756.31,124.9,137,35342,-17.6,32,53.84
Yukon,2019-02-01,0,4756.31,124.9,137.7,35424,-14.8,22,57.21
Yukon,2019-03-01,0,5853.92,129.8,143.7,35506,-9.9,21,60.19
Yukon,2019-04-01,4.42,6219.79,137.9,153.8,35588,-2,19,63.83
Yukon,2019-05-01,4.42,6585.66,137.7,163.2,35670,5.3,30,53.49
Yukon,2019-06-01,4.42,6951.53,137.7,158.4,35753,11.2,51,58.2
Yukon,2019-07-01,4.42,7317.4,142.4,153.7,35836,13.1,57,58.53
Yukon,2019-08-01,4.42,7317.4,142.9,150.5,35919,11.4,58,55.07
Yukon,2019-09-01,4.42,6951.53,142.8,152.7,36002,5.5,56,54.09
Yukon,2019-10-01,4.42,6219.79,142.9,152.6,36086,-0.8,48,54.02
Yukon,2019-11-01,4.42,5488.05,142.9,151.1,36169,-10.9,35,58.12
Yukon,2019-12-01,4.42,4756.31,142.7,150.7,36253,-16.5,34,61.14
Yukon,2020-01-01,4.42,5516.55,142.9,148.4,36204,-17.6,32,51.58
Yukon,2020-02-01,4.42,5516.55,142.5,146,36156,-14.8,22,44.83
Yukon,2020-03-01,4.42,6789.6,125.5,128.7,36108,-9.9,21,20.51
Yukon,2020-04-01,6.63,7213.95,100.9,108.5,36059,-2,19,19.23
Yukon,2020-05-01,6.63,7638.3,103,110.8,36011,5.3,30,35.57
Yukon,2020-06-01,6.63,8062.65,115.3,125.4,35963,11.2,51,39.27
Yukon,2020-07-01,6.63,8487,119.9,131.6,35915,13.1,57,40.1
Yukon,2020-08-01,6.63,8487,119.9,133.4,35867,11.4,58,42.61
Yukon,2020-09-01,6.63,8062.65,119.8,134.2,35819,5.5,56,40.05
Yukon,2020-10-01,6.63,7213.95,119.9,137.3,35771,-0.8,48,35.64
Yukon,2020-11-01,6.63,6365.25,119.9,136.1,35723,-10.9,35,45.2
Yukon,2020-12-01,6.63,5516.55,119.9,136.1,35675,-16.5,34,48.35
Yukon,2021-01-01,6.63,4330.885,124.1,138.9,35738,-17.6,32,52.16
Yukon,2021-02-01,6.63,4330.885,127.1,142.2,35802,-14.8,22,61.55
Yukon,2021-03-01,6.63,5330.32,132.8,149.2,35865,-9.9,21,59.19
Yukon,2021-04-01,8.84,5663.465,139.8,155.2,35929,-2,19,63.5
Yukon,2021-05-01,8.84,5996.61,141.6,161.1,35993,5.3,30,66.31
Yukon,2021-06-01,8.84,6329.755,144.9,163.6,36056,11.2,51,73.52
Yukon,2021-07-01,8.84,6662.9,148.9,168.7,36120,13.1,57,73.93
Yukon,2021-08-01,8.84,6662.9,154.6,171.2,36185,11.4,58,68.43
Yukon,2021-09-01,8.84,6329.755,155.8,171.4,36249,5.5,56,75.22
Yukon,2021-10-01,8.84,5663.465,155.9,172.2,36313,-0.8,48,83.5
Yukon,2021-11-01,8.84,4997.175,155.9,174.7,36377,-10.9,35,66.14
Yukon,2021-12-01,8.84,4330.885,155.9,173.2,36442,-16.5,34,75.33
Yukon,2022-01-01,8.84,4430.855,157.2,173.2,36446,-17.6,32,89.16
Yukon,2022-02-01,8.84,4430.855,164.5,180.7,36451,-14.8,22,96.13
Yukon,2022-03-01,8.84,5453.36,177,200.6,36455,-9.9,21,100.53
Yukon,2022-04-01,11.05,5794.195,182.8,199.2,36459,-2,19,104.59
Yukon,2022-05-01,11.05,6135.03,202.2,213.6,36464,5.3,30,114.38
Yukon,2022-06-01,11.05,6475.865,217.1,237.6,36468,11.2,51,107.76
Yukon,2022-07-01,11.05,6816.7,208.5,228.4,36472,13.1,57,101.31
Yukon,2022-08-01,11.05,6816.7,186.6,202.3,36477,11.4,58,90.09
Yukon,2022-09-01,11.05,6475.865,186.2,198.7,36481,5.5,56,79.91
Yukon,2022-10-01,11.05,5794.195,199.9,205.8,36485,-0.8,48,86.54
Yukon,2022-11-01,11.05,5112.525,186.3,198.9,36490,-10.9,35,80.48
Yukon,2022-12-01,11.05,4430.855,174.5,181.4,36494,-16.5,34,80.16
Yukon,2023-01-01,11.05,4414.02,169.6,180.6,36441,-17.6,32,78.95
Yukon,2023-02-01,11.05,4414.02,167.8,183.6,36389,-14.8,22,76.88
Yukon,2023-03-01,11.05,5432.64,169.2,185.5,36336,-9.9,21,75.68
Yukon,2023-04-01,14.31,5772.18,183.1,190.7,36283,-2,19,76.78
Yukon,2023-05-01,14.31,6111.72,183.9,189.7,36231,5.3,30,68.11
Yukon,2023-06-01,14.31,6451.26,183.9,190.7,36179,11.2,51,70.66
Yukon,2023-07-01,14.31,6790.8,183.9,190.6,36126,13.1,57,81.8
Yukon,2023-08-01,14.31,6790.8,191.4,191,36074,11.4,58,83.55
Yukon,2023-09-01,14.31,6451.26,193.6,191,36022,5.5,56,90.77
Yukon,2023-10-01,14.31,5772.18,191.7,191.9,35970,-0.8,48,81.64
Yukon,2023-11-01,14.31,5093.1,189.9,192.7,35918,-10.9,35,75.66
Yukon,2023-12-01,14.31,4414.02,179.3,186.7,35866,-16.5,34,71.89
Yukon,2024-01-01,14.31,4487.34,169.9,179.9,35893,-17.6,32,76.28
Yukon,2024-02-01,14.31,4487.34,169.9,179.4,35919,-14.8,22,79.22
Yukon,2024-03-01,14.31,5522.88,177.3,180.2,35946,-9.9,21,83.96
Yukon,2024-04-01,17.61,5868.06,189,184.7,35973,-2,19,83.49
Yukon,2024-05-01,17.61,6213.24,189.9,186.1,36000,5.3,30,77.97
Yukon,2024-06-01,17.61,6558.42,189.9,186.2,36027,11.2,51,81.54
Yukon,2024-07-01,17.61,6903.6,189.9,188.4,36053,13.1,57,75.27
Yukon,2024-08-01,17.61,6903.6,189.9,186.4,36080,11.4,58,73.55
Yukon,2024-09-01,17.61,6558.42,185.4,186.2,36107,5.5,56,68.17
Yukon,2024-10-01,17.61,5868.06,184.9,185.7,36134,-0.8,48,70.62
Yukon,2024-11-01,17.61,5177.7,184.9,186.4,36161,-10.9,35,68
Yukon,2024-12-01,17.61,4487.34,181.5,185.5,36188,-16.5,34,71.72
Yukon,2025-01-01,17.61,4577.105,179.9,186.1,36206,-17.6,32,72.53
Yukon,2025-02-01,17.61,4577.105,184.9,185.9,36223,-14.8,22,70.13
Yukon,2025-03-01,17.61,5633.36,181.6,186.2,36241,-9.9,21,69.37
Yukon,2025-04-01,0,5985.445,161.9,165.7,36259,-2,19,58.35
Yukon,2025-05-01,0,6337.53,161.9,163,36276,5.3,30,60.79
Yukon,2025-06-01,0,6689.615,161.9,164.6,36294,11.2,51,64.79
Yukon,2025-07-01,0,7041.7,161.9,165.6,36312,13.1,57,70.31
Yukon,2025-08-01,0,7041.7,161.9,166.7,36329,11.4,58,64.21
Yukon,2025-09-01,0,6689.615,161.9,167.1,36400,5.5,56,63.17
,,,,,,,,,
,,,,,,,,,
,,,,,,,,,
,,,,,,,,,
,,,,,,,,,
,,,,,,,,,
,,,,,,,,,
,,,,,,,,,
,,,,,,,,,
,,,,,,,,,
,,,,,,,,,
,,,,,,,,,
,,,,,,,,,
,,,,,,,,,
,,,,,,,,,
,,,,,,,,,
,,,,,,,,,
,,,,,,,,,
,,,,,,,,,
,,,,,,,,,
,,,,,,,,,
,,,,,,,,,
,,,,,,,,,
,,,,,,,,,
,,,,,,,,,
,,,,,,,,,
,,,,,,,,,
,,,,,,,,,
,,,,,,,,,
,,,,,,,,,
,,,,,,,,,
,,,,,,,,,
,,,,,,,,,
,,,,,,,,,
,,,,,,,,,
,,,,,,,,,
,,,,,,,,,
,,,,,,,,,
,,,,,,,,,
,,,,,,,,,
,,,,,,,,,
,,,,,,,,,
,,,,,,,,,
,,,,,,,,,
,,,,,,,,,
,,,,,,,,,
,,,,,,,,,
,,,,,,,,,
,,,,,,,,,
,,,,,,,,,
,,,,,,,,,
,,,,,,,,,
,,,,,,,,,
,,,,,,,,,
,,,,,,,,,
,,,,,,,,,
,,,,,,,,,
,,,,,,,,,
,,,,,,,,,
,,,,,,,,,
,,,,,,,,,
,,,,,,,,,
,,,,,,,,,
,,,,,,,,,
,,,,,,,,,
,,,,,,,,,
,,,,,,,,,
,,,,,,,,,
,,,,,,,,,
,,,,,,,,,
,,,,,,,,,
,,,,,,,,,
,,,,,,,,,